<stix:STIX_Package 
	xmlns:cyboxCommon="http://cybox.mitre.org/common-2"
	xmlns:cybox="http://cybox.mitre.org/cybox-2"
	xmlns:cyboxVocabs="http://cybox.mitre.org/default_vocabularies-2"
	xmlns:AccountObj="http://cybox.mitre.org/objects#AccountObject-2"
	xmlns:AddressObj="http://cybox.mitre.org/objects#AddressObject-2"
	xmlns:DNSQueryObj="http://cybox.mitre.org/objects#DNSQueryObject-2"
	xmlns:DNSRecordObj="http://cybox.mitre.org/objects#DNSRecordObject-2"
	xmlns:FileObj="http://cybox.mitre.org/objects#FileObject-2"
	xmlns:HTTPSessionObj="http://cybox.mitre.org/objects#HTTPSessionObject-2"
	xmlns:NetworkConnectionObj="http://cybox.mitre.org/objects#NetworkConnectionObject-2"
	xmlns:PortObj="http://cybox.mitre.org/objects#PortObject-2"
	xmlns:ProcessObj="http://cybox.mitre.org/objects#ProcessObject-2"
	xmlns:SocketAddressObj="http://cybox.mitre.org/objects#SocketAddressObject-1"
	xmlns:URIObj="http://cybox.mitre.org/objects#URIObject-2"
	xmlns:WinComputerAccountObj="http://cybox.mitre.org/objects#WinComputerAccountObject-2"
	xmlns:WinExecutableFileObj="http://cybox.mitre.org/objects#WinExecutableFileObject-2"
	xmlns:WinFileObj="http://cybox.mitre.org/objects#WinFileObject-2"
	xmlns:example="http://example.com"
	xmlns:indicator="http://stix.mitre.org/Indicator-2"
	xmlns:stixCommon="http://stix.mitre.org/common-1"
	xmlns:stixVocabs="http://stix.mitre.org/default_vocabularies-1"
	xmlns:stix="http://stix.mitre.org/stix-1"
	xmlns:xsi="http://www.w3.org/2001/XMLSchema-instance"
	xsi:schemaLocation="
	http://cybox.mitre.org/common-2 http://cybox.mitre.org/XMLSchema/common/2.0.1/cybox_common.xsd
	http://cybox.mitre.org/cybox-2 http://cybox.mitre.org/XMLSchema/core/2.0.1/cybox_core.xsd
	http://cybox.mitre.org/default_vocabularies-2 http://cybox.mitre.org/XMLSchema/default_vocabularies/2.0.1/cybox_default_vocabularies.xsd
	http://cybox.mitre.org/objects#AccountObject-2 http://cybox.mitre.org/XMLSchema/objects/Account/2.0.1/Account_Object.xsd
	http://cybox.mitre.org/objects#AddressObject-2 http://cybox.mitre.org/XMLSchema/objects/Address/2.0.1/Address_Object.xsd
	http://cybox.mitre.org/objects#DNSQueryObject-2 http://cybox.mitre.org/XMLSchema/objects/DNS_Query/2.0.1/DNS_Query_Object.xsd
	http://cybox.mitre.org/objects#DNSRecordObject-2 http://cybox.mitre.org/XMLSchema/objects/DNS_Record/2.0.1/DNS_Record_Object.xsd
	http://cybox.mitre.org/objects#FileObject-2 http://cybox.mitre.org/XMLSchema/objects/File/2.0.1/File_Object.xsd
	http://cybox.mitre.org/objects#HTTPSessionObject-2 http://cybox.mitre.org/XMLSchema/objects/HTTP_Session/2.0.1/HTTP_Session_Object.xsd
	http://cybox.mitre.org/objects#NetworkConnectionObject-2 http://cybox.mitre.org/XMLSchema/objects/Network_Connection/2.0.1/Network_Connection_Object.xsd
	http://cybox.mitre.org/objects#PortObject-2 http://cybox.mitre.org/XMLSchema/objects/Port/2.0.1/Port_Object.xsd
	http://cybox.mitre.org/objects#ProcessObject-2 http://cybox.mitre.org/XMLSchema/objects/Process/2.0.1/Process_Object.xsd
	http://cybox.mitre.org/objects#SocketAddressObject-1 http://cybox.mitre.org/XMLSchema/objects/Socket_Address/2.0.1/Socket_Address_Object.xsd
	http://cybox.mitre.org/objects#URIObject-2 http://cybox.mitre.org/XMLSchema/objects/URI/2.0.1/URI_Object.xsd
	http://cybox.mitre.org/objects#WinComputerAccountObject-2 http://cybox.mitre.org/XMLSchema/objects/Win_Computer_Account/2.0.1/Win_Computer_Account_Object.xsd
	http://cybox.mitre.org/objects#WinExecutableFileObject-2 http://cybox.mitre.org/XMLSchema/objects/Win_Executable_File/2.0.1/Win_Executable_File_Object.xsd
	http://cybox.mitre.org/objects#WinFileObject-2 http://cybox.mitre.org/XMLSchema/objects/Win_File/2.0.1/Win_File_Object.xsd
	http://stix.mitre.org/Indicator-2 http://stix.mitre.org/XMLSchema/indicator/2.0.1/indicator.xsd
	http://stix.mitre.org/common-1 http://stix.mitre.org/XMLSchema/common/1.0.1/stix_common.xsd
	http://stix.mitre.org/stix-1 http://stix.mitre.org/XMLSchema/core/1.0.1/stix_core.xsd" id="example:guid-2c71f59a-a7f4-11e3-9d5a-000c29b241af" version="1.0.1">
    <stix:STIX_Header>
        <stix:Description>IOCAware Auto-Generated STIX IOC Document for VirusShare_8442ae37b91f279a9f06de4c60b286a3</stix:Description>
        <stix:Information_Source>
            <stixCommon:Time>
                <cyboxCommon:Produced_Time>2014-03-09T21:34:51.077256</cyboxCommon:Produced_Time>
            </stixCommon:Time>
        </stix:Information_Source>
    </stix:STIX_Header>
    <stix:Indicators>
        <stix:Indicator id="example:guid-2c71faae-a7f4-11e3-9d5a-000c29b241af" xmlns:indicator='http://stix.mitre.org/Indicator-2' xsi:type='indicator:IndicatorType' negate="false">
            <indicator:Observable id="example:Observable-8f6347d6-6ac8-4a87-9e9e-57e63fbd6c05">
                <cybox:Object id="example:WinExecutableFile-2078c6d7-fca1-4bb2-97ea-828929b7f4eb">
                    <cybox:Properties xsi:type="WinExecutableFileObj:WindowsExecutableFileObjectType">
                        <FileObj:File_Name>VirusShare_8442ae37b91f279a9f06de4c60b286a3</FileObj:File_Name>
                        <FileObj:Size_In_Bytes>7168</FileObj:Size_In_Bytes>
                        <FileObj:File_Format>PE32 executable (GUI) Intel 80386, for MS Windows</FileObj:File_Format>
                        <FileObj:Hashes>
                            <cyboxCommon:Hash>
                                <cyboxCommon:Type xsi:type="cyboxVocabs:HashNameVocab-1.0">MD5</cyboxCommon:Type>
                                <cyboxCommon:Simple_Hash_Value>8442ae37b91f279a9f06de4c60b286a3</cyboxCommon:Simple_Hash_Value>
                            </cyboxCommon:Hash>
                            <cyboxCommon:Hash>
                                <cyboxCommon:Type xsi:type="cyboxVocabs:HashNameVocab-1.0">SHA1</cyboxCommon:Type>
                                <cyboxCommon:Simple_Hash_Value>f4b43b64299b6813229ba206f48c675d6f7c9f7c</cyboxCommon:Simple_Hash_Value>
                            </cyboxCommon:Hash>
                            <cyboxCommon:Hash>
                                <cyboxCommon:Type xsi:type="cyboxVocabs:HashNameVocab-1.0">SHA256</cyboxCommon:Type>
                                <cyboxCommon:Simple_Hash_Value>c3403329334b5f7c77ae5791999f84bd1118176350cfa14c028a5318d1220930</cyboxCommon:Simple_Hash_Value>
                            </cyboxCommon:Hash>
                            <cyboxCommon:Hash>
                                <cyboxCommon:Type xsi:type="cyboxVocabs:HashNameVocab-1.0">Other</cyboxCommon:Type>
                                <cyboxCommon:Simple_Hash_Value>c678def389d2da7bd6a27a926007c265</cyboxCommon:Simple_Hash_Value>
                            </cyboxCommon:Hash>
                            <cyboxCommon:Hash>
                                <cyboxCommon:Type xsi:type="cyboxVocabs:HashNameVocab-1.0">SSDEEP</cyboxCommon:Type>
                                <cyboxCommon:Simple_Hash_Value>96:aM5HAda4xtV4CMCD+1ZbohPf46kNpEXEtY9ymnnM6fa6nM6L+HzqPtboynC8YH:aMvy4C+EJ/2UNM1+QOP1oynbYH</cyboxCommon:Simple_Hash_Value>
                            </cyboxCommon:Hash>
                        </FileObj:Hashes>
                        <WinExecutableFileObj:Exports>
                            <WinExecutableFileObj:Exported_Functions/>
                        </WinExecutableFileObj:Exports>
                        <WinExecutableFileObj:Imports>
                            <WinExecutableFileObj:Import>
                                <WinExecutableFileObj:Imported_Functions>
                                    <WinExecutableFileObj:Imported_Function>
                                        <WinExecutableFileObj:Function_Name>WriteFile</WinExecutableFileObj:Function_Name>
                                    </WinExecutableFileObj:Imported_Function>
                                </WinExecutableFileObj:Imported_Functions>
                            </WinExecutableFileObj:Import>
                        </WinExecutableFileObj:Imports>
                        <WinExecutableFileObj:Resources>
                            <WinExecutableFileObj:VersionInfoResource>
                                <WinExecutableFileObj:Comments/>
                                <WinExecutableFileObj:CompanyName/>
                                <WinExecutableFileObj:FileDescription/>
                                <WinExecutableFileObj:FileVersion/>
                                <WinExecutableFileObj:InternalName/>
                                <WinExecutableFileObj:LangID/>
                                <WinExecutableFileObj:LegalCopyright/>
                                <WinExecutableFileObj:OriginalFilename/>
                                <WinExecutableFileObj:PrivateBuild/>
                                <WinExecutableFileObj:ProductName/>
                                <WinExecutableFileObj:ProductVersion/>
                                <WinExecutableFileObj:SpecialBuild/>
                            </WinExecutableFileObj:VersionInfoResource>
                        </WinExecutableFileObj:Resources>
                        <WinExecutableFileObj:Sections>
                            <WinExecutableFileObj:Section>
                                <WinExecutableFileObj:Section_Header>
                                    <WinExecutableFileObj:Name>.rdata</WinExecutableFileObj:Name>
                                    <WinExecutableFileObj:Size_Of_Raw_Data>0600</WinExecutableFileObj:Size_Of_Raw_Data>
                                </WinExecutableFileObj:Section_Header>
                                <WinExecutableFileObj:Entropy>
                                    <WinExecutableFileObj:Value>4.47632487577</WinExecutableFileObj:Value>
                                </WinExecutableFileObj:Entropy>
                            </WinExecutableFileObj:Section>
                            <WinExecutableFileObj:Section>
                                <WinExecutableFileObj:Section_Header>
                                    <WinExecutableFileObj:Name>.data</WinExecutableFileObj:Name>
                                    <WinExecutableFileObj:Size_Of_Raw_Data>0200</WinExecutableFileObj:Size_Of_Raw_Data>
                                </WinExecutableFileObj:Section_Header>
                                <WinExecutableFileObj:Entropy>
                                    <WinExecutableFileObj:Value>1.05363823097</WinExecutableFileObj:Value>
                                </WinExecutableFileObj:Entropy>
                            </WinExecutableFileObj:Section>
                            <WinExecutableFileObj:Section>
                                <WinExecutableFileObj:Section_Header>
                                    <WinExecutableFileObj:Name>.rsrc</WinExecutableFileObj:Name>
                                    <WinExecutableFileObj:Size_Of_Raw_Data>0200</WinExecutableFileObj:Size_Of_Raw_Data>
                                </WinExecutableFileObj:Section_Header>
                                <WinExecutableFileObj:Entropy>
                                    <WinExecutableFileObj:Value>3.40852199294</WinExecutableFileObj:Value>
                                </WinExecutableFileObj:Entropy>
                            </WinExecutableFileObj:Section>
                        </WinExecutableFileObj:Sections>
                    </cybox:Properties>
                </cybox:Object>
            </indicator:Observable>
        </stix:Indicator>
        <stix:Indicator id="example:guid-2c7215e8-a7f4-11e3-9d5a-000c29b241af" xmlns:indicator='http://stix.mitre.org/Indicator-2' xsi:type='indicator:IndicatorType' negate="false">
            <indicator:Observable id="example:Observable-40c5a026-2f01-438a-b482-c5ab32a20ccd">
                <cybox:Object id="example:Process-7cdf6372-27f6-4e26-a37a-f712fb28ba69">
                    <cybox:Properties xsi:type="ProcessObj:ProcessObjectType">
                        <ProcessObj:PID>1700</ProcessObj:PID>
                        <ProcessObj:Name>VirusShare_8442ae37b91f279a9f06de4c60b286a3</ProcessObj:Name>
                        <ProcessObj:Parent_PID>900</ProcessObj:Parent_PID>
                    </cybox:Properties>
                </cybox:Object>
            </indicator:Observable>
        </stix:Indicator>
        <stix:Indicator id="example:guid-2c721cbe-a7f4-11e3-9d5a-000c29b241af" xmlns:indicator='http://stix.mitre.org/Indicator-2' xsi:type='indicator:IndicatorType' negate="false"/>
        <stix:Indicator id="example:guid-2c721e30-a7f4-11e3-9d5a-000c29b241af" xmlns:indicator='http://stix.mitre.org/Indicator-2' xsi:type='indicator:IndicatorType' negate="false">
            <indicator:Observable id="example:Observable-4718ec48-d5df-49f3-bbac-3f7937c0d276">
                <cybox:Object id="example:NetworkConnection-3f452ea6-c2c3-439f-8337-f4ff946dd0de">
                    <cybox:Properties xsi:type="NetworkConnectionObj:NetworkConnectionObjectType">
                        <NetworkConnectionObj:Destination_Socket_Address xsi:type="SocketAddressObj:SocketAddressObjectType">
                            <SocketAddressObj:IP_Address xsi:type="AddressObj:AddressObjectType">
                                <AddressObj:Address_Value>209.151.145.185</AddressObj:Address_Value>
                            </SocketAddressObj:IP_Address>
                        </NetworkConnectionObj:Destination_Socket_Address>
                    </cybox:Properties>
                </cybox:Object>
            </indicator:Observable>
        </stix:Indicator>
    </stix:Indicators>
</stix:STIX_Package>
