<stix:STIX_Package 
	xmlns:cyboxCommon="http://cybox.mitre.org/common-2"
	xmlns:cybox="http://cybox.mitre.org/cybox-2"
	xmlns:cyboxVocabs="http://cybox.mitre.org/default_vocabularies-2"
	xmlns:AccountObj="http://cybox.mitre.org/objects#AccountObject-2"
	xmlns:AddressObj="http://cybox.mitre.org/objects#AddressObject-2"
	xmlns:DNSQueryObj="http://cybox.mitre.org/objects#DNSQueryObject-2"
	xmlns:DNSRecordObj="http://cybox.mitre.org/objects#DNSRecordObject-2"
	xmlns:FileObj="http://cybox.mitre.org/objects#FileObject-2"
	xmlns:HTTPSessionObj="http://cybox.mitre.org/objects#HTTPSessionObject-2"
	xmlns:NetworkConnectionObj="http://cybox.mitre.org/objects#NetworkConnectionObject-2"
	xmlns:PortObj="http://cybox.mitre.org/objects#PortObject-2"
	xmlns:ProcessObj="http://cybox.mitre.org/objects#ProcessObject-2"
	xmlns:SocketAddressObj="http://cybox.mitre.org/objects#SocketAddressObject-1"
	xmlns:URIObj="http://cybox.mitre.org/objects#URIObject-2"
	xmlns:WinComputerAccountObj="http://cybox.mitre.org/objects#WinComputerAccountObject-2"
	xmlns:WinExecutableFileObj="http://cybox.mitre.org/objects#WinExecutableFileObject-2"
	xmlns:WinFileObj="http://cybox.mitre.org/objects#WinFileObject-2"
	xmlns:example="http://example.com"
	xmlns:indicator="http://stix.mitre.org/Indicator-2"
	xmlns:stixCommon="http://stix.mitre.org/common-1"
	xmlns:stixVocabs="http://stix.mitre.org/default_vocabularies-1"
	xmlns:stix="http://stix.mitre.org/stix-1"
	xmlns:xsi="http://www.w3.org/2001/XMLSchema-instance"
	xsi:schemaLocation="
	http://cybox.mitre.org/common-2 http://cybox.mitre.org/XMLSchema/common/2.0.1/cybox_common.xsd
	http://cybox.mitre.org/cybox-2 http://cybox.mitre.org/XMLSchema/core/2.0.1/cybox_core.xsd
	http://cybox.mitre.org/default_vocabularies-2 http://cybox.mitre.org/XMLSchema/default_vocabularies/2.0.1/cybox_default_vocabularies.xsd
	http://cybox.mitre.org/objects#AccountObject-2 http://cybox.mitre.org/XMLSchema/objects/Account/2.0.1/Account_Object.xsd
	http://cybox.mitre.org/objects#AddressObject-2 http://cybox.mitre.org/XMLSchema/objects/Address/2.0.1/Address_Object.xsd
	http://cybox.mitre.org/objects#DNSQueryObject-2 http://cybox.mitre.org/XMLSchema/objects/DNS_Query/2.0.1/DNS_Query_Object.xsd
	http://cybox.mitre.org/objects#DNSRecordObject-2 http://cybox.mitre.org/XMLSchema/objects/DNS_Record/2.0.1/DNS_Record_Object.xsd
	http://cybox.mitre.org/objects#FileObject-2 http://cybox.mitre.org/XMLSchema/objects/File/2.0.1/File_Object.xsd
	http://cybox.mitre.org/objects#HTTPSessionObject-2 http://cybox.mitre.org/XMLSchema/objects/HTTP_Session/2.0.1/HTTP_Session_Object.xsd
	http://cybox.mitre.org/objects#NetworkConnectionObject-2 http://cybox.mitre.org/XMLSchema/objects/Network_Connection/2.0.1/Network_Connection_Object.xsd
	http://cybox.mitre.org/objects#PortObject-2 http://cybox.mitre.org/XMLSchema/objects/Port/2.0.1/Port_Object.xsd
	http://cybox.mitre.org/objects#ProcessObject-2 http://cybox.mitre.org/XMLSchema/objects/Process/2.0.1/Process_Object.xsd
	http://cybox.mitre.org/objects#SocketAddressObject-1 http://cybox.mitre.org/XMLSchema/objects/Socket_Address/2.0.1/Socket_Address_Object.xsd
	http://cybox.mitre.org/objects#URIObject-2 http://cybox.mitre.org/XMLSchema/objects/URI/2.0.1/URI_Object.xsd
	http://cybox.mitre.org/objects#WinComputerAccountObject-2 http://cybox.mitre.org/XMLSchema/objects/Win_Computer_Account/2.0.1/Win_Computer_Account_Object.xsd
	http://cybox.mitre.org/objects#WinExecutableFileObject-2 http://cybox.mitre.org/XMLSchema/objects/Win_Executable_File/2.0.1/Win_Executable_File_Object.xsd
	http://cybox.mitre.org/objects#WinFileObject-2 http://cybox.mitre.org/XMLSchema/objects/Win_File/2.0.1/Win_File_Object.xsd
	http://stix.mitre.org/Indicator-2 http://stix.mitre.org/XMLSchema/indicator/2.0.1/indicator.xsd
	http://stix.mitre.org/common-1 http://stix.mitre.org/XMLSchema/common/1.0.1/stix_common.xsd
	http://stix.mitre.org/stix-1 http://stix.mitre.org/XMLSchema/core/1.0.1/stix_core.xsd" id="example:guid-0dd2f75a-a809-11e3-a3e3-000c29b241af" version="1.0.1">
    <stix:STIX_Header>
        <stix:Description>IOCAware Auto-Generated STIX IOC Document for VirusShare_d262cb8267beb0e218f6d11d6af9052e</stix:Description>
        <stix:Information_Source>
            <stixCommon:Time>
                <cyboxCommon:Produced_Time>2014-03-10T00:04:19.134993</cyboxCommon:Produced_Time>
            </stixCommon:Time>
        </stix:Information_Source>
    </stix:STIX_Header>
    <stix:Indicators>
        <stix:Indicator id="example:guid-0dd2febc-a809-11e3-a3e3-000c29b241af" xmlns:indicator='http://stix.mitre.org/Indicator-2' xsi:type='indicator:IndicatorType' negate="false">
            <indicator:Observable id="example:Observable-4d858d5d-03c1-448c-a21e-96eb02728c64">
                <cybox:Object id="example:WinExecutableFile-488c6e4c-caf3-441c-9ce9-6725e021bf92">
                    <cybox:Properties xsi:type="WinExecutableFileObj:WindowsExecutableFileObjectType">
                        <FileObj:File_Name>VirusShare_d262cb8267beb0e218f6d11d6af9052e</FileObj:File_Name>
                        <FileObj:Size_In_Bytes>24064</FileObj:Size_In_Bytes>
                        <FileObj:File_Format>PE32 executable (DLL) (GUI) Intel 80386, for MS Windows</FileObj:File_Format>
                        <FileObj:Hashes>
                            <cyboxCommon:Hash>
                                <cyboxCommon:Type xsi:type="cyboxVocabs:HashNameVocab-1.0">MD5</cyboxCommon:Type>
                                <cyboxCommon:Simple_Hash_Value>d262cb8267beb0e218f6d11d6af9052e</cyboxCommon:Simple_Hash_Value>
                            </cyboxCommon:Hash>
                            <cyboxCommon:Hash>
                                <cyboxCommon:Type xsi:type="cyboxVocabs:HashNameVocab-1.0">SHA1</cyboxCommon:Type>
                                <cyboxCommon:Simple_Hash_Value>fdfec042f79e2fd9989d58de6f457591a7a71c9d</cyboxCommon:Simple_Hash_Value>
                            </cyboxCommon:Hash>
                            <cyboxCommon:Hash>
                                <cyboxCommon:Type xsi:type="cyboxVocabs:HashNameVocab-1.0">SHA256</cyboxCommon:Type>
                                <cyboxCommon:Simple_Hash_Value>527e57759cc5f5ff21643edbd6250acbe99421fb41c9c6aa9573e9e5fa417026</cyboxCommon:Simple_Hash_Value>
                            </cyboxCommon:Hash>
                            <cyboxCommon:Hash>
                                <cyboxCommon:Type xsi:type="cyboxVocabs:HashNameVocab-1.0">Other</cyboxCommon:Type>
                                <cyboxCommon:Simple_Hash_Value>0933f16b40b56d1abc33f52a26ccc79d</cyboxCommon:Simple_Hash_Value>
                            </cyboxCommon:Hash>
                            <cyboxCommon:Hash>
                                <cyboxCommon:Type xsi:type="cyboxVocabs:HashNameVocab-1.0">SSDEEP</cyboxCommon:Type>
                                <cyboxCommon:Simple_Hash_Value>384:dYsn1voyCidTBzCTLhggSWj/KzpmlYmycqo3sF/Lu2p9H5B+Ksb0WmkKWj:Z1v3TITLhf7j/KaBqCsYgBfsQkX</cyboxCommon:Simple_Hash_Value>
                            </cyboxCommon:Hash>
                        </FileObj:Hashes>
                        <WinExecutableFileObj:Exports>
                            <WinExecutableFileObj:Exported_Functions/>
                        </WinExecutableFileObj:Exports>
                        <WinExecutableFileObj:Imports>
                            <WinExecutableFileObj:Import>
                                <WinExecutableFileObj:Imported_Functions>
                                    <WinExecutableFileObj:Imported_Function>
                                        <WinExecutableFileObj:Function_Name>GetProcAddress</WinExecutableFileObj:Function_Name>
                                    </WinExecutableFileObj:Imported_Function>
                                    <WinExecutableFileObj:Imported_Function>
                                        <WinExecutableFileObj:Function_Name>WriteFile</WinExecutableFileObj:Function_Name>
                                    </WinExecutableFileObj:Imported_Function>
                                </WinExecutableFileObj:Imported_Functions>
                            </WinExecutableFileObj:Import>
                        </WinExecutableFileObj:Imports>
                        <WinExecutableFileObj:Resources>
                            <WinExecutableFileObj:VersionInfoResource>
                                <WinExecutableFileObj:Comments/>
                                <WinExecutableFileObj:CompanyName>Microsoft Corporation</WinExecutableFileObj:CompanyName>
                                <WinExecutableFileObj:FileDescription>Shell extensions for sharing</WinExecutableFileObj:FileDescription>
                                <WinExecutableFileObj:FileVersion>5.1.2600.5512 (xpsp.080413-2105)</WinExecutableFileObj:FileVersion>
                                <WinExecutableFileObj:InternalName>ntshrui</WinExecutableFileObj:InternalName>
                                <WinExecutableFileObj:LangID/>
                                <WinExecutableFileObj:LegalCopyright>(C) Microsoft Corporation. All rights reserved.</WinExecutableFileObj:LegalCopyright>
                                <WinExecutableFileObj:OriginalFilename>ntshrui.dll</WinExecutableFileObj:OriginalFilename>
                                <WinExecutableFileObj:PrivateBuild/>
                                <WinExecutableFileObj:ProductName>Microsoft(R) Windows(R) Operating System</WinExecutableFileObj:ProductName>
                                <WinExecutableFileObj:ProductVersion>5.1.2600.5512</WinExecutableFileObj:ProductVersion>
                                <WinExecutableFileObj:SpecialBuild/>
                            </WinExecutableFileObj:VersionInfoResource>
                        </WinExecutableFileObj:Resources>
                        <WinExecutableFileObj:Sections>
                            <WinExecutableFileObj:Section>
                                <WinExecutableFileObj:Section_Header>
                                    <WinExecutableFileObj:Name>.rdata</WinExecutableFileObj:Name>
                                    <WinExecutableFileObj:Size_Of_Raw_Data>0a00</WinExecutableFileObj:Size_Of_Raw_Data>
                                </WinExecutableFileObj:Section_Header>
                                <WinExecutableFileObj:Entropy>
                                    <WinExecutableFileObj:Value>5.11707361108</WinExecutableFileObj:Value>
                                </WinExecutableFileObj:Entropy>
                            </WinExecutableFileObj:Section>
                            <WinExecutableFileObj:Section>
                                <WinExecutableFileObj:Section_Header>
                                    <WinExecutableFileObj:Name>.data</WinExecutableFileObj:Name>
                                    <WinExecutableFileObj:Size_Of_Raw_Data>0a00</WinExecutableFileObj:Size_Of_Raw_Data>
                                </WinExecutableFileObj:Section_Header>
                                <WinExecutableFileObj:Entropy>
                                    <WinExecutableFileObj:Value>2.74081373026</WinExecutableFileObj:Value>
                                </WinExecutableFileObj:Entropy>
                            </WinExecutableFileObj:Section>
                            <WinExecutableFileObj:Section>
                                <WinExecutableFileObj:Section_Header>
                                    <WinExecutableFileObj:Name>.rsrc</WinExecutableFileObj:Name>
                                    <WinExecutableFileObj:Size_Of_Raw_Data>0400</WinExecutableFileObj:Size_Of_Raw_Data>
                                </WinExecutableFileObj:Section_Header>
                                <WinExecutableFileObj:Entropy>
                                    <WinExecutableFileObj:Value>3.37555098631</WinExecutableFileObj:Value>
                                </WinExecutableFileObj:Entropy>
                            </WinExecutableFileObj:Section>
                            <WinExecutableFileObj:Section>
                                <WinExecutableFileObj:Section_Header>
                                    <WinExecutableFileObj:Name>.reloc</WinExecutableFileObj:Name>
                                    <WinExecutableFileObj:Size_Of_Raw_Data>0600</WinExecutableFileObj:Size_Of_Raw_Data>
                                </WinExecutableFileObj:Section_Header>
                                <WinExecutableFileObj:Entropy>
                                    <WinExecutableFileObj:Value>5.4633007429</WinExecutableFileObj:Value>
                                </WinExecutableFileObj:Entropy>
                            </WinExecutableFileObj:Section>
                        </WinExecutableFileObj:Sections>
                    </cybox:Properties>
                </cybox:Object>
            </indicator:Observable>
        </stix:Indicator>
        <stix:Indicator id="example:guid-0dd3268a-a809-11e3-a3e3-000c29b241af" xmlns:indicator='http://stix.mitre.org/Indicator-2' xsi:type='indicator:IndicatorType' negate="false">
            <indicator:Observable id="example:Observable-0b541718-0aca-4038-acc6-bc6e58b8f43b">
                <cybox:Object id="example:Process-0804576e-33aa-4f7a-9715-8ff84e5d5487">
                    <cybox:Properties xsi:type="ProcessObj:ProcessObjectType">
                        <ProcessObj:PID>1700</ProcessObj:PID>
                        <ProcessObj:Name>rundll32.exe</ProcessObj:Name>
                        <ProcessObj:Parent_PID>1616</ProcessObj:Parent_PID>
                    </cybox:Properties>
                </cybox:Object>
            </indicator:Observable>
        </stix:Indicator>
        <stix:Indicator id="example:guid-0dd32d10-a809-11e3-a3e3-000c29b241af" xmlns:indicator='http://stix.mitre.org/Indicator-2' xsi:type='indicator:IndicatorType' negate="false"/>
    </stix:Indicators>
</stix:STIX_Package>
