<stix:STIX_Package 
	xmlns:cyboxCommon="http://cybox.mitre.org/common-2"
	xmlns:cybox="http://cybox.mitre.org/cybox-2"
	xmlns:cyboxVocabs="http://cybox.mitre.org/default_vocabularies-2"
	xmlns:AccountObj="http://cybox.mitre.org/objects#AccountObject-2"
	xmlns:AddressObj="http://cybox.mitre.org/objects#AddressObject-2"
	xmlns:DNSQueryObj="http://cybox.mitre.org/objects#DNSQueryObject-2"
	xmlns:DNSRecordObj="http://cybox.mitre.org/objects#DNSRecordObject-2"
	xmlns:FileObj="http://cybox.mitre.org/objects#FileObject-2"
	xmlns:HTTPSessionObj="http://cybox.mitre.org/objects#HTTPSessionObject-2"
	xmlns:NetworkConnectionObj="http://cybox.mitre.org/objects#NetworkConnectionObject-2"
	xmlns:PortObj="http://cybox.mitre.org/objects#PortObject-2"
	xmlns:ProcessObj="http://cybox.mitre.org/objects#ProcessObject-2"
	xmlns:SocketAddressObj="http://cybox.mitre.org/objects#SocketAddressObject-1"
	xmlns:URIObj="http://cybox.mitre.org/objects#URIObject-2"
	xmlns:WinComputerAccountObj="http://cybox.mitre.org/objects#WinComputerAccountObject-2"
	xmlns:WinExecutableFileObj="http://cybox.mitre.org/objects#WinExecutableFileObject-2"
	xmlns:WinFileObj="http://cybox.mitre.org/objects#WinFileObject-2"
	xmlns:WinHandleObj="http://cybox.mitre.org/objects#WinHandleObject-2"
	xmlns:WinRegistryKeyObj="http://cybox.mitre.org/objects#WinRegistryKeyObject-2"
	xmlns:example="http://example.com"
	xmlns:indicator="http://stix.mitre.org/Indicator-2"
	xmlns:stixCommon="http://stix.mitre.org/common-1"
	xmlns:stixVocabs="http://stix.mitre.org/default_vocabularies-1"
	xmlns:stix="http://stix.mitre.org/stix-1"
	xmlns:xsi="http://www.w3.org/2001/XMLSchema-instance"
	xsi:schemaLocation="
	http://cybox.mitre.org/common-2 http://cybox.mitre.org/XMLSchema/common/2.0.1/cybox_common.xsd
	http://cybox.mitre.org/cybox-2 http://cybox.mitre.org/XMLSchema/core/2.0.1/cybox_core.xsd
	http://cybox.mitre.org/default_vocabularies-2 http://cybox.mitre.org/XMLSchema/default_vocabularies/2.0.1/cybox_default_vocabularies.xsd
	http://cybox.mitre.org/objects#AccountObject-2 http://cybox.mitre.org/XMLSchema/objects/Account/2.0.1/Account_Object.xsd
	http://cybox.mitre.org/objects#AddressObject-2 http://cybox.mitre.org/XMLSchema/objects/Address/2.0.1/Address_Object.xsd
	http://cybox.mitre.org/objects#DNSQueryObject-2 http://cybox.mitre.org/XMLSchema/objects/DNS_Query/2.0.1/DNS_Query_Object.xsd
	http://cybox.mitre.org/objects#DNSRecordObject-2 http://cybox.mitre.org/XMLSchema/objects/DNS_Record/2.0.1/DNS_Record_Object.xsd
	http://cybox.mitre.org/objects#FileObject-2 http://cybox.mitre.org/XMLSchema/objects/File/2.0.1/File_Object.xsd
	http://cybox.mitre.org/objects#HTTPSessionObject-2 http://cybox.mitre.org/XMLSchema/objects/HTTP_Session/2.0.1/HTTP_Session_Object.xsd
	http://cybox.mitre.org/objects#NetworkConnectionObject-2 http://cybox.mitre.org/XMLSchema/objects/Network_Connection/2.0.1/Network_Connection_Object.xsd
	http://cybox.mitre.org/objects#PortObject-2 http://cybox.mitre.org/XMLSchema/objects/Port/2.0.1/Port_Object.xsd
	http://cybox.mitre.org/objects#ProcessObject-2 http://cybox.mitre.org/XMLSchema/objects/Process/2.0.1/Process_Object.xsd
	http://cybox.mitre.org/objects#SocketAddressObject-1 http://cybox.mitre.org/XMLSchema/objects/Socket_Address/2.0.1/Socket_Address_Object.xsd
	http://cybox.mitre.org/objects#URIObject-2 http://cybox.mitre.org/XMLSchema/objects/URI/2.0.1/URI_Object.xsd
	http://cybox.mitre.org/objects#WinComputerAccountObject-2 http://cybox.mitre.org/XMLSchema/objects/Win_Computer_Account/2.0.1/Win_Computer_Account_Object.xsd
	http://cybox.mitre.org/objects#WinExecutableFileObject-2 http://cybox.mitre.org/XMLSchema/objects/Win_Executable_File/2.0.1/Win_Executable_File_Object.xsd
	http://cybox.mitre.org/objects#WinFileObject-2 http://cybox.mitre.org/XMLSchema/objects/Win_File/2.0.1/Win_File_Object.xsd
	http://cybox.mitre.org/objects#WinHandleObject-2 http://cybox.mitre.org/XMLSchema/objects/Win_Handle/2.0.1/Win_Handle_Object.xsd
	http://cybox.mitre.org/objects#WinRegistryKeyObject-2 http://cybox.mitre.org/XMLSchema/objects/Win_Registry_Key/2.0.1/Win_Registry_Key_Object.xsd
	http://stix.mitre.org/Indicator-2 http://stix.mitre.org/XMLSchema/indicator/2.0.1/indicator.xsd
	http://stix.mitre.org/common-1 http://stix.mitre.org/XMLSchema/common/1.0.1/stix_common.xsd
	http://stix.mitre.org/stix-1 http://stix.mitre.org/XMLSchema/core/1.0.1/stix_core.xsd" id="example:guid-ee4a7bba-a7e5-11e3-8b2c-000c29b241af" version="1.0.1">
    <stix:STIX_Header>
        <stix:Description>IOCAware Auto-Generated STIX IOC Document for VirusShare_55fb1409170c91740359d1d96364f17b</stix:Description>
        <stix:Information_Source>
            <stixCommon:Time>
                <cyboxCommon:Produced_Time>2014-03-09T19:52:53.845607</cyboxCommon:Produced_Time>
            </stixCommon:Time>
        </stix:Information_Source>
    </stix:STIX_Header>
    <stix:Indicators>
        <stix:Indicator id="example:guid-ee4a8182-a7e5-11e3-8b2c-000c29b241af" xmlns:indicator='http://stix.mitre.org/Indicator-2' xsi:type='indicator:IndicatorType' negate="false">
            <indicator:Observable id="example:Observable-c78e9dab-49d3-4c95-98b4-6dd4d0458b66">
                <cybox:Object id="example:WinExecutableFile-51ae78f9-27b1-427b-92c4-d216f7456a25">
                    <cybox:Properties xsi:type="WinExecutableFileObj:WindowsExecutableFileObjectType">
                        <FileObj:File_Name>VirusShare_55fb1409170c91740359d1d96364f17b</FileObj:File_Name>
                        <FileObj:Size_In_Bytes>20480</FileObj:Size_In_Bytes>
                        <FileObj:File_Format>PE32 executable (GUI) Intel 80386, for MS Windows</FileObj:File_Format>
                        <FileObj:Hashes>
                            <cyboxCommon:Hash>
                                <cyboxCommon:Type xsi:type="cyboxVocabs:HashNameVocab-1.0">MD5</cyboxCommon:Type>
                                <cyboxCommon:Simple_Hash_Value>55fb1409170c91740359d1d96364f17b</cyboxCommon:Simple_Hash_Value>
                            </cyboxCommon:Hash>
                            <cyboxCommon:Hash>
                                <cyboxCommon:Type xsi:type="cyboxVocabs:HashNameVocab-1.0">SHA1</cyboxCommon:Type>
                                <cyboxCommon:Simple_Hash_Value>eaf87e11c34f84932c567b85f2f004263e737e14</cyboxCommon:Simple_Hash_Value>
                            </cyboxCommon:Hash>
                            <cyboxCommon:Hash>
                                <cyboxCommon:Type xsi:type="cyboxVocabs:HashNameVocab-1.0">SHA256</cyboxCommon:Type>
                                <cyboxCommon:Simple_Hash_Value>72e01e875b93e6808e8fff0e8a8f19b842ed213a9fcb38c175f6e8533af57d51</cyboxCommon:Simple_Hash_Value>
                            </cyboxCommon:Hash>
                            <cyboxCommon:Hash>
                                <cyboxCommon:Type xsi:type="cyboxVocabs:HashNameVocab-1.0">Other</cyboxCommon:Type>
                                <cyboxCommon:Simple_Hash_Value>08261753463d6b1cddea4aa3d0abaae9</cyboxCommon:Simple_Hash_Value>
                            </cyboxCommon:Hash>
                            <cyboxCommon:Hash>
                                <cyboxCommon:Type xsi:type="cyboxVocabs:HashNameVocab-1.0">SSDEEP</cyboxCommon:Type>
                                <cyboxCommon:Simple_Hash_Value>384:hoq5wcgWtiaJ5XdbuBczsV8OiEx6kMCFdae117LG2JxyDKaA:hoq8WtZuizQ8Di6pSas7TyDKaA</cyboxCommon:Simple_Hash_Value>
                            </cyboxCommon:Hash>
                        </FileObj:Hashes>
                        <WinExecutableFileObj:Exports>
                            <WinExecutableFileObj:Exported_Functions/>
                        </WinExecutableFileObj:Exports>
                        <WinExecutableFileObj:Imports>
                            <WinExecutableFileObj:Import>
                                <WinExecutableFileObj:Imported_Functions>
                                    <WinExecutableFileObj:Imported_Function>
                                        <WinExecutableFileObj:Function_Name>OpenProcess</WinExecutableFileObj:Function_Name>
                                    </WinExecutableFileObj:Imported_Function>
                                    <WinExecutableFileObj:Imported_Function>
                                        <WinExecutableFileObj:Function_Name>WriteFile</WinExecutableFileObj:Function_Name>
                                    </WinExecutableFileObj:Imported_Function>
                                    <WinExecutableFileObj:Imported_Function>
                                        <WinExecutableFileObj:Function_Name>InternetReadFile</WinExecutableFileObj:Function_Name>
                                    </WinExecutableFileObj:Imported_Function>
                                </WinExecutableFileObj:Imported_Functions>
                            </WinExecutableFileObj:Import>
                        </WinExecutableFileObj:Imports>
                        <WinExecutableFileObj:Resources>
                            <WinExecutableFileObj:VersionInfoResource>
                                <WinExecutableFileObj:Comments/>
                                <WinExecutableFileObj:CompanyName>Adobe Systems Incorporated</WinExecutableFileObj:CompanyName>
                                <WinExecutableFileObj:FileDescription>Adobe Acrobat SpeedLauncher</WinExecutableFileObj:FileDescription>
                                <WinExecutableFileObj:FileVersion>8.0.0.0</WinExecutableFileObj:FileVersion>
                                <WinExecutableFileObj:InternalName/>
                                <WinExecutableFileObj:LangID/>
                                <WinExecutableFileObj:LegalCopyright>Copyright Adobe Systems Incorporated 2004</WinExecutableFileObj:LegalCopyright>
                                <WinExecutableFileObj:OriginalFilename>AcroSpeedLaunch.exe</WinExecutableFileObj:OriginalFilename>
                                <WinExecutableFileObj:PrivateBuild/>
                                <WinExecutableFileObj:ProductName>Adobe Acrobat</WinExecutableFileObj:ProductName>
                                <WinExecutableFileObj:ProductVersion>8.0.0.0</WinExecutableFileObj:ProductVersion>
                                <WinExecutableFileObj:SpecialBuild/>
                            </WinExecutableFileObj:VersionInfoResource>
                        </WinExecutableFileObj:Resources>
                        <WinExecutableFileObj:Sections>
                            <WinExecutableFileObj:Section>
                                <WinExecutableFileObj:Section_Header>
                                    <WinExecutableFileObj:Name>.rdata</WinExecutableFileObj:Name>
                                    <WinExecutableFileObj:Size_Of_Raw_Data>0c00</WinExecutableFileObj:Size_Of_Raw_Data>
                                </WinExecutableFileObj:Section_Header>
                                <WinExecutableFileObj:Entropy>
                                    <WinExecutableFileObj:Value>4.85378797245</WinExecutableFileObj:Value>
                                </WinExecutableFileObj:Entropy>
                            </WinExecutableFileObj:Section>
                            <WinExecutableFileObj:Section>
                                <WinExecutableFileObj:Section_Header>
                                    <WinExecutableFileObj:Name>.data</WinExecutableFileObj:Name>
                                    <WinExecutableFileObj:Size_Of_Raw_Data>0a00</WinExecutableFileObj:Size_Of_Raw_Data>
                                </WinExecutableFileObj:Section_Header>
                                <WinExecutableFileObj:Entropy>
                                    <WinExecutableFileObj:Value>4.61980976659</WinExecutableFileObj:Value>
                                </WinExecutableFileObj:Entropy>
                            </WinExecutableFileObj:Section>
                            <WinExecutableFileObj:Section>
                                <WinExecutableFileObj:Section_Header>
                                    <WinExecutableFileObj:Name>.rsrc</WinExecutableFileObj:Name>
                                    <WinExecutableFileObj:Size_Of_Raw_Data>0400</WinExecutableFileObj:Size_Of_Raw_Data>
                                </WinExecutableFileObj:Section_Header>
                                <WinExecutableFileObj:Entropy>
                                    <WinExecutableFileObj:Value>2.92509883651</WinExecutableFileObj:Value>
                                </WinExecutableFileObj:Entropy>
                            </WinExecutableFileObj:Section>
                        </WinExecutableFileObj:Sections>
                    </cybox:Properties>
                </cybox:Object>
            </indicator:Observable>
        </stix:Indicator>
        <stix:Indicator id="example:guid-ee4aa09a-a7e5-11e3-8b2c-000c29b241af" xmlns:indicator='http://stix.mitre.org/Indicator-2' xsi:type='indicator:IndicatorType' negate="false">
            <indicator:Observable id="example:Observable-14279750-17b4-4184-a3ff-9f269fb4587c">
                <cybox:Observable_Composition operator="AND">
                    <cybox:Observable id="example:Observable-333686d0-1739-48db-ac25-3eec24c6e5c7">
                        <cybox:Object id="example:Process-40099756-41ba-4f0a-89b4-5e67c9fa5588">
                            <cybox:Properties xsi:type="ProcessObj:ProcessObjectType">
                                <ProcessObj:PID>1700</ProcessObj:PID>
                                <ProcessObj:Name>VirusShare_55fb1409170c91740359d1d96364f17b</ProcessObj:Name>
                                <ProcessObj:Parent_PID>900</ProcessObj:Parent_PID>
                            </cybox:Properties>
                        </cybox:Object>
                    </cybox:Observable>
                    <cybox:Observable id="example:Observable-8605d3d9-4713-417f-b9b2-9d176c75181d">
                        <cybox:Object id="example:Process-f3c1184e-4ec2-4067-9acf-449a997409f3">
                            <cybox:Properties xsi:type="ProcessObj:ProcessObjectType">
                                <ProcessObj:PID>1708</ProcessObj:PID>
                                <ProcessObj:Name>reg.exe</ProcessObj:Name>
                                <ProcessObj:Parent_PID>1700</ProcessObj:Parent_PID>
                            </cybox:Properties>
                        </cybox:Object>
                    </cybox:Observable>
                </cybox:Observable_Composition>
            </indicator:Observable>
        </stix:Indicator>
        <stix:Indicator id="example:guid-ee4aa9f0-a7e5-11e3-8b2c-000c29b241af" xmlns:indicator='http://stix.mitre.org/Indicator-2' xsi:type='indicator:IndicatorType' negate="false">
            <indicator:Observable id="example:Observable-9de82a5e-6728-4906-993f-8402d89b1c03">
                <cybox:Object id="example:WinRegistryKey-38beca04-2d57-45c0-b21f-a8ea5ef4d1ec">
                    <cybox:Properties xsi:type="WinRegistryKeyObj:WindowsRegistryKeyObjectType">
                        <WinRegistryKeyObj:Key>HKEY_CURRENT_USER\Software\Microsoft\Windows\CurrentVersion\Run</WinRegistryKeyObj:Key>
                    </cybox:Properties>
                </cybox:Object>
            </indicator:Observable>
        </stix:Indicator>
    </stix:Indicators>
</stix:STIX_Package>
