<stix:STIX_Package 
	xmlns:cyboxCommon="http://cybox.mitre.org/common-2"
	xmlns:cybox="http://cybox.mitre.org/cybox-2"
	xmlns:cyboxVocabs="http://cybox.mitre.org/default_vocabularies-2"
	xmlns:AccountObj="http://cybox.mitre.org/objects#AccountObject-2"
	xmlns:AddressObj="http://cybox.mitre.org/objects#AddressObject-2"
	xmlns:DNSQueryObj="http://cybox.mitre.org/objects#DNSQueryObject-2"
	xmlns:DNSRecordObj="http://cybox.mitre.org/objects#DNSRecordObject-2"
	xmlns:FileObj="http://cybox.mitre.org/objects#FileObject-2"
	xmlns:HTTPSessionObj="http://cybox.mitre.org/objects#HTTPSessionObject-2"
	xmlns:NetworkConnectionObj="http://cybox.mitre.org/objects#NetworkConnectionObject-2"
	xmlns:PortObj="http://cybox.mitre.org/objects#PortObject-2"
	xmlns:ProcessObj="http://cybox.mitre.org/objects#ProcessObject-2"
	xmlns:SocketAddressObj="http://cybox.mitre.org/objects#SocketAddressObject-1"
	xmlns:URIObj="http://cybox.mitre.org/objects#URIObject-2"
	xmlns:WinComputerAccountObj="http://cybox.mitre.org/objects#WinComputerAccountObject-2"
	xmlns:WinExecutableFileObj="http://cybox.mitre.org/objects#WinExecutableFileObject-2"
	xmlns:WinFileObj="http://cybox.mitre.org/objects#WinFileObject-2"
	xmlns:WinHandleObj="http://cybox.mitre.org/objects#WinHandleObject-2"
	xmlns:WinRegistryKeyObj="http://cybox.mitre.org/objects#WinRegistryKeyObject-2"
	xmlns:example="http://example.com"
	xmlns:indicator="http://stix.mitre.org/Indicator-2"
	xmlns:stixCommon="http://stix.mitre.org/common-1"
	xmlns:stixVocabs="http://stix.mitre.org/default_vocabularies-1"
	xmlns:stix="http://stix.mitre.org/stix-1"
	xmlns:xsi="http://www.w3.org/2001/XMLSchema-instance"
	xsi:schemaLocation="
	http://cybox.mitre.org/common-2 http://cybox.mitre.org/XMLSchema/common/2.0.1/cybox_common.xsd
	http://cybox.mitre.org/cybox-2 http://cybox.mitre.org/XMLSchema/core/2.0.1/cybox_core.xsd
	http://cybox.mitre.org/default_vocabularies-2 http://cybox.mitre.org/XMLSchema/default_vocabularies/2.0.1/cybox_default_vocabularies.xsd
	http://cybox.mitre.org/objects#AccountObject-2 http://cybox.mitre.org/XMLSchema/objects/Account/2.0.1/Account_Object.xsd
	http://cybox.mitre.org/objects#AddressObject-2 http://cybox.mitre.org/XMLSchema/objects/Address/2.0.1/Address_Object.xsd
	http://cybox.mitre.org/objects#DNSQueryObject-2 http://cybox.mitre.org/XMLSchema/objects/DNS_Query/2.0.1/DNS_Query_Object.xsd
	http://cybox.mitre.org/objects#DNSRecordObject-2 http://cybox.mitre.org/XMLSchema/objects/DNS_Record/2.0.1/DNS_Record_Object.xsd
	http://cybox.mitre.org/objects#FileObject-2 http://cybox.mitre.org/XMLSchema/objects/File/2.0.1/File_Object.xsd
	http://cybox.mitre.org/objects#HTTPSessionObject-2 http://cybox.mitre.org/XMLSchema/objects/HTTP_Session/2.0.1/HTTP_Session_Object.xsd
	http://cybox.mitre.org/objects#NetworkConnectionObject-2 http://cybox.mitre.org/XMLSchema/objects/Network_Connection/2.0.1/Network_Connection_Object.xsd
	http://cybox.mitre.org/objects#PortObject-2 http://cybox.mitre.org/XMLSchema/objects/Port/2.0.1/Port_Object.xsd
	http://cybox.mitre.org/objects#ProcessObject-2 http://cybox.mitre.org/XMLSchema/objects/Process/2.0.1/Process_Object.xsd
	http://cybox.mitre.org/objects#SocketAddressObject-1 http://cybox.mitre.org/XMLSchema/objects/Socket_Address/2.0.1/Socket_Address_Object.xsd
	http://cybox.mitre.org/objects#URIObject-2 http://cybox.mitre.org/XMLSchema/objects/URI/2.0.1/URI_Object.xsd
	http://cybox.mitre.org/objects#WinComputerAccountObject-2 http://cybox.mitre.org/XMLSchema/objects/Win_Computer_Account/2.0.1/Win_Computer_Account_Object.xsd
	http://cybox.mitre.org/objects#WinExecutableFileObject-2 http://cybox.mitre.org/XMLSchema/objects/Win_Executable_File/2.0.1/Win_Executable_File_Object.xsd
	http://cybox.mitre.org/objects#WinFileObject-2 http://cybox.mitre.org/XMLSchema/objects/Win_File/2.0.1/Win_File_Object.xsd
	http://cybox.mitre.org/objects#WinHandleObject-2 http://cybox.mitre.org/XMLSchema/objects/Win_Handle/2.0.1/Win_Handle_Object.xsd
	http://cybox.mitre.org/objects#WinRegistryKeyObject-2 http://cybox.mitre.org/XMLSchema/objects/Win_Registry_Key/2.0.1/Win_Registry_Key_Object.xsd
	http://stix.mitre.org/Indicator-2 http://stix.mitre.org/XMLSchema/indicator/2.0.1/indicator.xsd
	http://stix.mitre.org/common-1 http://stix.mitre.org/XMLSchema/common/1.0.1/stix_common.xsd
	http://stix.mitre.org/stix-1 http://stix.mitre.org/XMLSchema/core/1.0.1/stix_core.xsd" id="example:guid-b043b564-a80a-11e3-a1f2-000c29b241af" version="1.0.1">
    <stix:STIX_Header>
        <stix:Description>IOCAware Auto-Generated STIX IOC Document for VirusShare_d7796209412da17b2ee2ccf2309b4abf</stix:Description>
        <stix:Information_Source>
            <stixCommon:Time>
                <cyboxCommon:Produced_Time>2014-03-10T00:16:01.161517</cyboxCommon:Produced_Time>
            </stixCommon:Time>
        </stix:Information_Source>
    </stix:STIX_Header>
    <stix:Indicators>
        <stix:Indicator id="example:guid-b043bda2-a80a-11e3-a1f2-000c29b241af" xmlns:indicator='http://stix.mitre.org/Indicator-2' xsi:type='indicator:IndicatorType' negate="false">
            <indicator:Observable id="example:Observable-1b848f9d-a182-49b9-a683-812c1e21be97">
                <cybox:Object id="example:WinExecutableFile-f24613af-80d2-455b-a11f-3032f476ba33">
                    <cybox:Properties xsi:type="WinExecutableFileObj:WindowsExecutableFileObjectType">
                        <FileObj:File_Name>VirusShare_d7796209412da17b2ee2ccf2309b4abf</FileObj:File_Name>
                        <FileObj:Size_In_Bytes>56208</FileObj:Size_In_Bytes>
                        <FileObj:File_Format>PE32 executable (GUI) Intel 80386, for MS Windows</FileObj:File_Format>
                        <FileObj:Hashes>
                            <cyboxCommon:Hash>
                                <cyboxCommon:Type xsi:type="cyboxVocabs:HashNameVocab-1.0">MD5</cyboxCommon:Type>
                                <cyboxCommon:Simple_Hash_Value>d7796209412da17b2ee2ccf2309b4abf</cyboxCommon:Simple_Hash_Value>
                            </cyboxCommon:Hash>
                            <cyboxCommon:Hash>
                                <cyboxCommon:Type xsi:type="cyboxVocabs:HashNameVocab-1.0">SHA1</cyboxCommon:Type>
                                <cyboxCommon:Simple_Hash_Value>a9706774d4989575242d6de320d2cae591514ade</cyboxCommon:Simple_Hash_Value>
                            </cyboxCommon:Hash>
                            <cyboxCommon:Hash>
                                <cyboxCommon:Type xsi:type="cyboxVocabs:HashNameVocab-1.0">SHA256</cyboxCommon:Type>
                                <cyboxCommon:Simple_Hash_Value>c9b2a0d55146b68ac4480a5d1f3fed19aa2ca271d184b0d5802ba39793d9f299</cyboxCommon:Simple_Hash_Value>
                            </cyboxCommon:Hash>
                            <cyboxCommon:Hash>
                                <cyboxCommon:Type xsi:type="cyboxVocabs:HashNameVocab-1.0">Other</cyboxCommon:Type>
                                <cyboxCommon:Simple_Hash_Value>01ab70d6fe397bf7ddc073f3958fddf3</cyboxCommon:Simple_Hash_Value>
                            </cyboxCommon:Hash>
                            <cyboxCommon:Hash>
                                <cyboxCommon:Type xsi:type="cyboxVocabs:HashNameVocab-1.0">SSDEEP</cyboxCommon:Type>
                                <cyboxCommon:Simple_Hash_Value>1536:w7AgcneJ7HUij1Ea836rrecPVq/QvqVRgcpmf63:mMcUY1I36rrecdq/QvqV2cpY63</cyboxCommon:Simple_Hash_Value>
                            </cyboxCommon:Hash>
                        </FileObj:Hashes>
                        <WinExecutableFileObj:Exports>
                            <WinExecutableFileObj:Exported_Functions/>
                        </WinExecutableFileObj:Exports>
                        <WinExecutableFileObj:Imports>
                            <WinExecutableFileObj:Import>
                                <WinExecutableFileObj:Imported_Functions>
                                    <WinExecutableFileObj:Imported_Function>
                                        <WinExecutableFileObj:Function_Name>WinExec</WinExecutableFileObj:Function_Name>
                                    </WinExecutableFileObj:Imported_Function>
                                    <WinExecutableFileObj:Imported_Function>
                                        <WinExecutableFileObj:Function_Name>GetProcAddress</WinExecutableFileObj:Function_Name>
                                    </WinExecutableFileObj:Imported_Function>
                                </WinExecutableFileObj:Imported_Functions>
                            </WinExecutableFileObj:Import>
                        </WinExecutableFileObj:Imports>
                        <WinExecutableFileObj:Resources>
                            <WinExecutableFileObj:VersionInfoResource>
                                <WinExecutableFileObj:Comments/>
                                <WinExecutableFileObj:CompanyName>Microsoft Corporation</WinExecutableFileObj:CompanyName>
                                <WinExecutableFileObj:FileDescription>External</WinExecutableFileObj:FileDescription>
                                <WinExecutableFileObj:FileVersion>9.0.21022.8</WinExecutableFileObj:FileVersion>
                                <WinExecutableFileObj:InternalName/>
                                <WinExecutableFileObj:LangID/>
                                <WinExecutableFileObj:LegalCopyright>Copyright (C) 2009</WinExecutableFileObj:LegalCopyright>
                                <WinExecutableFileObj:OriginalFilename/>
                                <WinExecutableFileObj:PrivateBuild/>
                                <WinExecutableFileObj:ProductName>Microsoft Visual Studio 2008</WinExecutableFileObj:ProductName>
                                <WinExecutableFileObj:ProductVersion>9.0.21022.8</WinExecutableFileObj:ProductVersion>
                                <WinExecutableFileObj:SpecialBuild/>
                            </WinExecutableFileObj:VersionInfoResource>
                        </WinExecutableFileObj:Resources>
                        <WinExecutableFileObj:Sections>
                            <WinExecutableFileObj:Section>
                                <WinExecutableFileObj:Section_Header>
                                    <WinExecutableFileObj:Name>.rdata</WinExecutableFileObj:Name>
                                    <WinExecutableFileObj:Size_Of_Raw_Data>c200</WinExecutableFileObj:Size_Of_Raw_Data>
                                </WinExecutableFileObj:Section_Header>
                                <WinExecutableFileObj:Entropy>
                                    <WinExecutableFileObj:Value>6.23568905748</WinExecutableFileObj:Value>
                                </WinExecutableFileObj:Entropy>
                            </WinExecutableFileObj:Section>
                            <WinExecutableFileObj:Section>
                                <WinExecutableFileObj:Section_Header>
                                    <WinExecutableFileObj:Name>.data</WinExecutableFileObj:Name>
                                    <WinExecutableFileObj:Size_Of_Raw_Data>0200</WinExecutableFileObj:Size_Of_Raw_Data>
                                </WinExecutableFileObj:Section_Header>
                                <WinExecutableFileObj:Entropy>
                                    <WinExecutableFileObj:Value>2.79372281082</WinExecutableFileObj:Value>
                                </WinExecutableFileObj:Entropy>
                            </WinExecutableFileObj:Section>
                            <WinExecutableFileObj:Section>
                                <WinExecutableFileObj:Section_Header>
                                    <WinExecutableFileObj:Name>.rsrc</WinExecutableFileObj:Name>
                                    <WinExecutableFileObj:Size_Of_Raw_Data>0800</WinExecutableFileObj:Size_Of_Raw_Data>
                                </WinExecutableFileObj:Section_Header>
                                <WinExecutableFileObj:Entropy>
                                    <WinExecutableFileObj:Value>3.42952144748</WinExecutableFileObj:Value>
                                </WinExecutableFileObj:Entropy>
                            </WinExecutableFileObj:Section>
                        </WinExecutableFileObj:Sections>
                    </cybox:Properties>
                </cybox:Object>
            </indicator:Observable>
        </stix:Indicator>
        <stix:Indicator id="example:guid-b043e3d6-a80a-11e3-a1f2-000c29b241af" xmlns:indicator='http://stix.mitre.org/Indicator-2' xsi:type='indicator:IndicatorType' negate="false">
            <indicator:Observable id="example:Observable-28944907-5423-4f56-b6ac-7dcf51c2ffd9">
                <cybox:Object id="example:File-d3ac094d-994c-42aa-a3d5-4df3e82306bb">
                    <cybox:Properties xsi:type="FileObj:FileObjectType">
                        <FileObj:File_Name>ntshrui.dll</FileObj:File_Name>
                        <FileObj:Size_In_Bytes>47616</FileObj:Size_In_Bytes>
                        <FileObj:Hashes>
                            <cyboxCommon:Hash>
                                <cyboxCommon:Type xsi:type="cyboxVocabs:HashNameVocab-1.0">MD5</cyboxCommon:Type>
                                <cyboxCommon:Simple_Hash_Value>bd8ed228ceee8dd1abe83e89366d0d55</cyboxCommon:Simple_Hash_Value>
                            </cyboxCommon:Hash>
                            <cyboxCommon:Hash>
                                <cyboxCommon:Type xsi:type="cyboxVocabs:HashNameVocab-1.0">SHA1</cyboxCommon:Type>
                                <cyboxCommon:Simple_Hash_Value>d50bc7c9e75814235855c053d5c8e3c2ea4addac</cyboxCommon:Simple_Hash_Value>
                            </cyboxCommon:Hash>
                            <cyboxCommon:Hash>
                                <cyboxCommon:Type xsi:type="cyboxVocabs:HashNameVocab-1.0">SHA256</cyboxCommon:Type>
                                <cyboxCommon:Simple_Hash_Value>503748c97fdcd343e065a5479c539d8ae1c2476bcbe62ada618a5c02a706bd35</cyboxCommon:Simple_Hash_Value>
                            </cyboxCommon:Hash>
                        </FileObj:Hashes>
                    </cybox:Properties>
                </cybox:Object>
            </indicator:Observable>
        </stix:Indicator>
        <stix:Indicator id="example:guid-b043ec0a-a80a-11e3-a1f2-000c29b241af" xmlns:indicator='http://stix.mitre.org/Indicator-2' xsi:type='indicator:IndicatorType' negate="false">
            <indicator:Observable id="example:Observable-7fc04f49-50ef-4276-9310-b291214aae24">
                <cybox:Observable_Composition operator="AND">
                    <cybox:Observable id="example:Observable-c1c44dd6-4634-4a6e-8eed-7a1df625f5f1">
                        <cybox:Object id="example:Process-113110b0-8beb-4b00-9a40-c615cbfbef2c">
                            <cybox:Properties xsi:type="ProcessObj:ProcessObjectType">
                                <ProcessObj:PID>1700</ProcessObj:PID>
                                <ProcessObj:Name>VirusShare_d7796209412da17b2ee2ccf2309b4abf</ProcessObj:Name>
                                <ProcessObj:Parent_PID>1616</ProcessObj:Parent_PID>
                            </cybox:Properties>
                        </cybox:Object>
                    </cybox:Observable>
                    <cybox:Observable id="example:Observable-dafc79fe-edbc-420a-93ae-f21e8b58f589">
                        <cybox:Object id="example:Process-545f4374-8e77-438b-a278-0323f4891a36">
                            <cybox:Properties xsi:type="ProcessObj:ProcessObjectType">
                                <ProcessObj:PID>1720</ProcessObj:PID>
                                <ProcessObj:Name>explorer.exe</ProcessObj:Name>
                                <ProcessObj:Parent_PID>1700</ProcessObj:Parent_PID>
                            </cybox:Properties>
                        </cybox:Object>
                    </cybox:Observable>
                </cybox:Observable_Composition>
            </indicator:Observable>
        </stix:Indicator>
        <stix:Indicator id="example:guid-b043f5a6-a80a-11e3-a1f2-000c29b241af" xmlns:indicator='http://stix.mitre.org/Indicator-2' xsi:type='indicator:IndicatorType' negate="false">
            <indicator:Observable id="example:Observable-26c37c15-0358-400b-a46e-1e26e9746be8">
                <cybox:Observable_Composition operator="AND">
                    <cybox:Observable id="example:Observable-693f463a-db05-4ace-aa13-6821d6a954d2">
                        <cybox:Object id="example:WinRegistryKey-572ad7a8-6e7d-4679-92fa-1d94721e7697">
                            <cybox:Properties xsi:type="WinRegistryKeyObj:WindowsRegistryKeyObjectType">
                                <WinRegistryKeyObj:Key>HKEY_CURRENT_USER\Software\Microsoft\Windows\CurrentVersion\Explorer</WinRegistryKeyObj:Key>
                            </cybox:Properties>
                        </cybox:Object>
                    </cybox:Observable>
                    <cybox:Observable id="example:Observable-49dd5d3d-fe27-4260-8d4d-826993917717">
                        <cybox:Object id="example:WinRegistryKey-eaed13f9-417c-4b79-94f0-dcebe92d477c">
                            <cybox:Properties xsi:type="WinRegistryKeyObj:WindowsRegistryKeyObjectType">
                                <WinRegistryKeyObj:Key>HKEY_CURRENT_USER\SOFTWARE\Microsoft\Internet Explorer\Security\P3Global</WinRegistryKeyObj:Key>
                            </cybox:Properties>
                        </cybox:Object>
                    </cybox:Observable>
                    <cybox:Observable id="example:Observable-f63e2859-c6af-4801-9174-939da2b1aa1d">
                        <cybox:Object id="example:WinRegistryKey-4ade8290-415a-4c3c-83b0-74fed4d86598">
                            <cybox:Properties xsi:type="WinRegistryKeyObj:WindowsRegistryKeyObjectType">
                                <WinRegistryKeyObj:Key>HKEY_CURRENT_USER\SOFTWARE\Microsoft\Internet Explorer\Security\P3Sites</WinRegistryKeyObj:Key>
                            </cybox:Properties>
                        </cybox:Object>
                    </cybox:Observable>
                    <cybox:Observable id="example:Observable-a116895e-119f-47a5-a2fe-f479973f5e72">
                        <cybox:Object id="example:WinRegistryKey-0f52a064-1f46-4d02-a885-e0b0a00baf0f">
                            <cybox:Properties xsi:type="WinRegistryKeyObj:WindowsRegistryKeyObjectType">
                                <WinRegistryKeyObj:Key>HKEY_CURRENT_USER\Software\Microsoft\Windows\CurrentVersion\Explorer\User Shell Folders</WinRegistryKeyObj:Key>
                            </cybox:Properties>
                        </cybox:Object>
                    </cybox:Observable>
                    <cybox:Observable id="example:Observable-ba17fd9f-9634-461c-9c6e-eba7b2a17828">
                        <cybox:Object id="example:WinRegistryKey-1123c7e7-38ff-4ae9-a61b-1f704d5336d8">
                            <cybox:Properties xsi:type="WinRegistryKeyObj:WindowsRegistryKeyObjectType">
                                <WinRegistryKeyObj:Key>HKEY_CURRENT_USER\Software\Microsoft\Windows\ShellNoRoam</WinRegistryKeyObj:Key>
                            </cybox:Properties>
                        </cybox:Object>
                    </cybox:Observable>
                    <cybox:Observable id="example:Observable-d96f6bed-3dab-46cc-9981-611ae3c9f464">
                        <cybox:Object id="example:WinRegistryKey-463e96d9-10ab-4b7e-917a-45c571a9c8a0">
                            <cybox:Properties xsi:type="WinRegistryKeyObj:WindowsRegistryKeyObjectType">
                                <WinRegistryKeyObj:Key>BagMRU</WinRegistryKeyObj:Key>
                            </cybox:Properties>
                        </cybox:Object>
                    </cybox:Observable>
                    <cybox:Observable id="example:Observable-e8dafab7-ab7f-4a57-9531-97d7ed761437">
                        <cybox:Object id="example:WinRegistryKey-ae1c27ba-45e8-456a-96d1-1c87f7c851df">
                            <cybox:Properties xsi:type="WinRegistryKeyObj:WindowsRegistryKeyObjectType">
                                <WinRegistryKeyObj:Key>HKEY_LOCAL_MACHINE\Software\Microsoft\Windows\Shell</WinRegistryKeyObj:Key>
                            </cybox:Properties>
                        </cybox:Object>
                    </cybox:Observable>
                    <cybox:Observable id="example:Observable-eb454b95-ca8e-41a9-aee6-24e8df5aaa19">
                        <cybox:Object id="example:WinRegistryKey-c89f353b-46c5-40b5-b7c8-8972d1d84337">
                            <cybox:Properties xsi:type="WinRegistryKeyObj:WindowsRegistryKeyObjectType">
                                <WinRegistryKeyObj:Key>HKEY_CURRENT_USER\Software\Microsoft\Internet Explorer\Toolbar</WinRegistryKeyObj:Key>
                            </cybox:Properties>
                        </cybox:Object>
                    </cybox:Observable>
                    <cybox:Observable id="example:Observable-c5443b3e-4173-468f-82ac-705cc4de1dd6">
                        <cybox:Object id="example:WinRegistryKey-b92d32de-df16-4877-99db-4ab08ea5b29e">
                            <cybox:Properties xsi:type="WinRegistryKeyObj:WindowsRegistryKeyObjectType">
                                <WinRegistryKeyObj:Key>HKEY_CURRENT_USER\Software\Microsoft\Windows\CurrentVersion\Explorer\Shell Folders</WinRegistryKeyObj:Key>
                            </cybox:Properties>
                        </cybox:Object>
                    </cybox:Observable>
                    <cybox:Observable id="example:Observable-dfb87381-2a25-40be-b687-5fe5c21f5bfb">
                        <cybox:Object id="example:WinRegistryKey-a2e179af-7d58-49ff-b447-e0e6bcbda8b4">
                            <cybox:Properties xsi:type="WinRegistryKeyObj:WindowsRegistryKeyObjectType">
                                <WinRegistryKeyObj:Key>HKEY_CURRENT_USER\Software\Microsoft\Windows\CurrentVersion\Explorer\RunMRU</WinRegistryKeyObj:Key>
                            </cybox:Properties>
                        </cybox:Object>
                    </cybox:Observable>
                    <cybox:Observable id="example:Observable-66ffa3b8-7383-48e6-953e-20c11c32eb3a">
                        <cybox:Object id="example:WinRegistryKey-ab8c53cf-ec43-471d-b41d-473c3b1b00ab">
                            <cybox:Properties xsi:type="WinRegistryKeyObj:WindowsRegistryKeyObjectType">
                                <WinRegistryKeyObj:Key>HKEY_CURRENT_USER\Software\Microsoft\Internet Explorer\TypedURLs</WinRegistryKeyObj:Key>
                            </cybox:Properties>
                        </cybox:Object>
                    </cybox:Observable>
                    <cybox:Observable id="example:Observable-b0584c99-3a9b-4e40-9ccc-c71220a2c95b">
                        <cybox:Object id="example:WinRegistryKey-5a73bb69-4a63-4e07-8454-2aadd6c61bcd">
                            <cybox:Properties xsi:type="WinRegistryKeyObj:WindowsRegistryKeyObjectType">
                                <WinRegistryKeyObj:Key>HKEY_CURRENT_USER\Software\Microsoft\Windows\CurrentVersion\Explorer\MountPoints2\{92601822-bff2-11e2-ad96-806d6172696f}\</WinRegistryKeyObj:Key>
                            </cybox:Properties>
                        </cybox:Object>
                    </cybox:Observable>
                    <cybox:Observable id="example:Observable-92724333-deb1-4ea5-9b93-7477f58841b5">
                        <cybox:Object id="example:WinRegistryKey-f7d420b9-ca7d-4ed8-8112-4e2ba6716105">
                            <cybox:Properties xsi:type="WinRegistryKeyObj:WindowsRegistryKeyObjectType">
                                <WinRegistryKeyObj:Key>HKEY_CURRENT_USER\Software\Microsoft\Windows\CurrentVersion\Explorer\MountPoints2\{92601820-bff2-11e2-ad96-806d6172696f}\</WinRegistryKeyObj:Key>
                            </cybox:Properties>
                        </cybox:Object>
                    </cybox:Observable>
                    <cybox:Observable id="example:Observable-b8081268-6142-4594-981b-ca90058db287">
                        <cybox:Object id="example:WinRegistryKey-6eba532e-b99a-4307-8be3-0422904b88f0">
                            <cybox:Properties xsi:type="WinRegistryKeyObj:WindowsRegistryKeyObjectType">
                                <WinRegistryKeyObj:Key>HKEY_LOCAL_MACHINE\Software\Microsoft\Windows\CurrentVersion\Explorer\User Shell Folders</WinRegistryKeyObj:Key>
                            </cybox:Properties>
                        </cybox:Object>
                    </cybox:Observable>
                    <cybox:Observable id="example:Observable-599648f9-ddba-42b8-9db8-22738a611fbc">
                        <cybox:Object id="example:WinRegistryKey-b1242fbf-c866-4fe0-8edf-cb05685437a5">
                            <cybox:Properties xsi:type="WinRegistryKeyObj:WindowsRegistryKeyObjectType">
                                <WinRegistryKeyObj:Key>BagMRU\2</WinRegistryKeyObj:Key>
                            </cybox:Properties>
                        </cybox:Object>
                    </cybox:Observable>
                    <cybox:Observable id="example:Observable-eb5cef96-9fe0-4495-b774-1e95d139f3b6">
                        <cybox:Object id="example:WinRegistryKey-6e37ca51-377d-4f5f-b1b1-2495591c5b2d">
                            <cybox:Properties xsi:type="WinRegistryKeyObj:WindowsRegistryKeyObjectType">
                                <WinRegistryKeyObj:Key>Bags\11\Shell</WinRegistryKeyObj:Key>
                            </cybox:Properties>
                        </cybox:Object>
                    </cybox:Observable>
                    <cybox:Observable id="example:Observable-f47c85d3-6cc0-4321-8e47-a6d90ac6e578">
                        <cybox:Object id="example:WinRegistryKey-cd312be7-ec7b-432f-8684-ebba444e9ed8">
                            <cybox:Properties xsi:type="WinRegistryKeyObj:WindowsRegistryKeyObjectType">
                                <WinRegistryKeyObj:Key>HKEY_LOCAL_MACHINE\Software\Microsoft\Windows\CurrentVersion\Explorer\Shell Folders</WinRegistryKeyObj:Key>
                            </cybox:Properties>
                        </cybox:Object>
                    </cybox:Observable>
                    <cybox:Observable id="example:Observable-56dc1f2a-5b64-481e-8432-7a3f95d272a8">
                        <cybox:Object id="example:WinRegistryKey-90596de1-4b7c-4ed1-81bb-fdae66eb0fdb">
                            <cybox:Properties xsi:type="WinRegistryKeyObj:WindowsRegistryKeyObjectType">
                                <WinRegistryKeyObj:Key>HKEY_CURRENT_USER\Software\Microsoft\Windows\ShellNoRoam\DUIBags\ShellFolders\{450D8FBA-AD25-11D0-98A8-0800361B1103}</WinRegistryKeyObj:Key>
                            </cybox:Properties>
                        </cybox:Object>
                    </cybox:Observable>
                    <cybox:Observable id="example:Observable-aa0f60c4-77a5-4ec9-bc53-bb9418a6a015">
                        <cybox:Object id="example:WinRegistryKey-81e5ce7d-bd7d-48d8-8499-366bc5f618a8">
                            <cybox:Properties xsi:type="WinRegistryKeyObj:WindowsRegistryKeyObjectType">
                                <WinRegistryKeyObj:Key>HKEY_LOCAL_MACHINE\Software\Microsoft\Tracing</WinRegistryKeyObj:Key>
                            </cybox:Properties>
                        </cybox:Object>
                    </cybox:Observable>
                    <cybox:Observable id="example:Observable-2623c85a-a971-4fbe-8e1e-012ffdb54571">
                        <cybox:Object id="example:WinRegistryKey-0be7a3af-fdc8-4c27-a692-c7cfe90387e5">
                            <cybox:Properties xsi:type="WinRegistryKeyObj:WindowsRegistryKeyObjectType">
                                <WinRegistryKeyObj:Key>Software\Microsoft\Windows NT\CurrentVersion\Winlogon</WinRegistryKeyObj:Key>
                            </cybox:Properties>
                        </cybox:Object>
                    </cybox:Observable>
                    <cybox:Observable id="example:Observable-5912b353-1d12-4b29-969b-622a4cee4e3b">
                        <cybox:Object id="example:WinRegistryKey-9cbf83e6-f162-4200-88a7-ecfb177de9c9">
                            <cybox:Properties xsi:type="WinRegistryKeyObj:WindowsRegistryKeyObjectType">
                                <WinRegistryKeyObj:Key>Software\Microsoft\Windows\CurrentVersion\Explorer\User Shell Folders</WinRegistryKeyObj:Key>
                            </cybox:Properties>
                        </cybox:Object>
                    </cybox:Observable>
                    <cybox:Observable id="example:Observable-a62c9bdc-ef91-4924-8ffd-6cdd1942beea">
                        <cybox:Object id="example:WinRegistryKey-719ee8c6-2e94-43cc-9eb4-c9e63ba93675">
                            <cybox:Properties xsi:type="WinRegistryKeyObj:WindowsRegistryKeyObjectType">
                                <WinRegistryKeyObj:Key>Software\Microsoft\Windows\CurrentVersion\Explorer\Shell Folders</WinRegistryKeyObj:Key>
                            </cybox:Properties>
                        </cybox:Object>
                    </cybox:Observable>
                    <cybox:Observable id="example:Observable-d4eb89b6-85dc-42b6-ad1f-6f5fe16bd90e">
                        <cybox:Object id="example:WinRegistryKey-6b9a8a23-f0ae-41e1-a09f-25236beb1a4d">
                            <cybox:Properties xsi:type="WinRegistryKeyObj:WindowsRegistryKeyObjectType">
                                <WinRegistryKeyObj:Key>Software\Microsoft\windows\CurrentVersion\Internet Settings</WinRegistryKeyObj:Key>
                            </cybox:Properties>
                        </cybox:Object>
                    </cybox:Observable>
                    <cybox:Observable id="example:Observable-acccd26c-7607-41bc-bca3-1b155fd57008">
                        <cybox:Object id="example:WinRegistryKey-fba89ca0-2843-4820-8619-e2b78e6f57e8">
                            <cybox:Properties xsi:type="WinRegistryKeyObj:WindowsRegistryKeyObjectType">
                                <WinRegistryKeyObj:Key>Software\Microsoft\windows\CurrentVersion\Internet Settings\Connections</WinRegistryKeyObj:Key>
                            </cybox:Properties>
                        </cybox:Object>
                    </cybox:Observable>
                    <cybox:Observable id="example:Observable-10858b99-a519-4c89-840f-c617ff099f46">
                        <cybox:Object id="example:WinRegistryKey-3ed52aa3-71fa-427d-93c8-a633ef9caf13">
                            <cybox:Properties xsi:type="WinRegistryKeyObj:WindowsRegistryKeyObjectType">
                                <WinRegistryKeyObj:Key>HKEY_CURRENT_CONFIG\Software\Microsoft\windows\CurrentVersion\Internet Settings</WinRegistryKeyObj:Key>
                            </cybox:Properties>
                        </cybox:Object>
                    </cybox:Observable>
                    <cybox:Observable id="example:Observable-bcbf2880-dcf4-42d6-8cf4-80d29d46a6c2">
                        <cybox:Object id="example:WinRegistryKey-1342a514-37bb-4915-b833-cc06cf517a83">
                            <cybox:Properties xsi:type="WinRegistryKeyObj:WindowsRegistryKeyObjectType">
                                <WinRegistryKeyObj:Key>HKEY_LOCAL_MACHINE\System\CurrentControlSet\Services\Tcpip\Parameters</WinRegistryKeyObj:Key>
                            </cybox:Properties>
                        </cybox:Object>
                    </cybox:Observable>
                    <cybox:Observable id="example:Observable-f29815ef-0351-45f3-b63f-7c53980c1dad">
                        <cybox:Object id="example:WinRegistryKey-06abbff8-f81f-4188-bd38-6f996a674828">
                            <cybox:Properties xsi:type="WinRegistryKeyObj:WindowsRegistryKeyObjectType">
                                <WinRegistryKeyObj:Key>SessionInfo\00000000000089b0</WinRegistryKeyObj:Key>
                            </cybox:Properties>
                        </cybox:Object>
                    </cybox:Observable>
                    <cybox:Observable id="example:Observable-cfd57d32-31dd-4f0e-b3f6-8fc2ea69daa1">
                        <cybox:Object id="example:WinRegistryKey-a5e71f32-0140-48e1-b03f-c5cf5387a5be">
                            <cybox:Properties xsi:type="WinRegistryKeyObj:WindowsRegistryKeyObjectType">
                                <WinRegistryKeyObj:Key>HKEY_CURRENT_USER\Software\Microsoft\Internet Explorer\Toolbar\Explorer</WinRegistryKeyObj:Key>
                            </cybox:Properties>
                        </cybox:Object>
                    </cybox:Observable>
                    <cybox:Observable id="example:Observable-dea09e7b-f330-4417-b9e3-6197c47e2d5a">
                        <cybox:Object id="example:WinRegistryKey-98ad9081-47db-4281-91fb-ff648c460541">
                            <cybox:Properties xsi:type="WinRegistryKeyObj:WindowsRegistryKeyObjectType">
                                <WinRegistryKeyObj:Key>HKEY_CURRENT_USER\Software\Microsoft\Internet Explorer\Toolbar\ShellBrowser</WinRegistryKeyObj:Key>
                            </cybox:Properties>
                        </cybox:Object>
                    </cybox:Observable>
                </cybox:Observable_Composition>
            </indicator:Observable>
        </stix:Indicator>
    </stix:Indicators>
</stix:STIX_Package>
