<stix:STIX_Package 
	xmlns:cyboxCommon="http://cybox.mitre.org/common-2"
	xmlns:cybox="http://cybox.mitre.org/cybox-2"
	xmlns:cyboxVocabs="http://cybox.mitre.org/default_vocabularies-2"
	xmlns:AccountObj="http://cybox.mitre.org/objects#AccountObject-2"
	xmlns:AddressObj="http://cybox.mitre.org/objects#AddressObject-2"
	xmlns:DNSQueryObj="http://cybox.mitre.org/objects#DNSQueryObject-2"
	xmlns:DNSRecordObj="http://cybox.mitre.org/objects#DNSRecordObject-2"
	xmlns:FileObj="http://cybox.mitre.org/objects#FileObject-2"
	xmlns:HTTPSessionObj="http://cybox.mitre.org/objects#HTTPSessionObject-2"
	xmlns:NetworkConnectionObj="http://cybox.mitre.org/objects#NetworkConnectionObject-2"
	xmlns:PortObj="http://cybox.mitre.org/objects#PortObject-2"
	xmlns:ProcessObj="http://cybox.mitre.org/objects#ProcessObject-2"
	xmlns:SocketAddressObj="http://cybox.mitre.org/objects#SocketAddressObject-1"
	xmlns:URIObj="http://cybox.mitre.org/objects#URIObject-2"
	xmlns:WinComputerAccountObj="http://cybox.mitre.org/objects#WinComputerAccountObject-2"
	xmlns:WinExecutableFileObj="http://cybox.mitre.org/objects#WinExecutableFileObject-2"
	xmlns:WinFileObj="http://cybox.mitre.org/objects#WinFileObject-2"
	xmlns:WinHandleObj="http://cybox.mitre.org/objects#WinHandleObject-2"
	xmlns:WinRegistryKeyObj="http://cybox.mitre.org/objects#WinRegistryKeyObject-2"
	xmlns:example="http://example.com"
	xmlns:indicator="http://stix.mitre.org/Indicator-2"
	xmlns:stixCommon="http://stix.mitre.org/common-1"
	xmlns:stixVocabs="http://stix.mitre.org/default_vocabularies-1"
	xmlns:stix="http://stix.mitre.org/stix-1"
	xmlns:xsi="http://www.w3.org/2001/XMLSchema-instance"
	xsi:schemaLocation="
	http://cybox.mitre.org/common-2 http://cybox.mitre.org/XMLSchema/common/2.0.1/cybox_common.xsd
	http://cybox.mitre.org/cybox-2 http://cybox.mitre.org/XMLSchema/core/2.0.1/cybox_core.xsd
	http://cybox.mitre.org/default_vocabularies-2 http://cybox.mitre.org/XMLSchema/default_vocabularies/2.0.1/cybox_default_vocabularies.xsd
	http://cybox.mitre.org/objects#AccountObject-2 http://cybox.mitre.org/XMLSchema/objects/Account/2.0.1/Account_Object.xsd
	http://cybox.mitre.org/objects#AddressObject-2 http://cybox.mitre.org/XMLSchema/objects/Address/2.0.1/Address_Object.xsd
	http://cybox.mitre.org/objects#DNSQueryObject-2 http://cybox.mitre.org/XMLSchema/objects/DNS_Query/2.0.1/DNS_Query_Object.xsd
	http://cybox.mitre.org/objects#DNSRecordObject-2 http://cybox.mitre.org/XMLSchema/objects/DNS_Record/2.0.1/DNS_Record_Object.xsd
	http://cybox.mitre.org/objects#FileObject-2 http://cybox.mitre.org/XMLSchema/objects/File/2.0.1/File_Object.xsd
	http://cybox.mitre.org/objects#HTTPSessionObject-2 http://cybox.mitre.org/XMLSchema/objects/HTTP_Session/2.0.1/HTTP_Session_Object.xsd
	http://cybox.mitre.org/objects#NetworkConnectionObject-2 http://cybox.mitre.org/XMLSchema/objects/Network_Connection/2.0.1/Network_Connection_Object.xsd
	http://cybox.mitre.org/objects#PortObject-2 http://cybox.mitre.org/XMLSchema/objects/Port/2.0.1/Port_Object.xsd
	http://cybox.mitre.org/objects#ProcessObject-2 http://cybox.mitre.org/XMLSchema/objects/Process/2.0.1/Process_Object.xsd
	http://cybox.mitre.org/objects#SocketAddressObject-1 http://cybox.mitre.org/XMLSchema/objects/Socket_Address/2.0.1/Socket_Address_Object.xsd
	http://cybox.mitre.org/objects#URIObject-2 http://cybox.mitre.org/XMLSchema/objects/URI/2.0.1/URI_Object.xsd
	http://cybox.mitre.org/objects#WinComputerAccountObject-2 http://cybox.mitre.org/XMLSchema/objects/Win_Computer_Account/2.0.1/Win_Computer_Account_Object.xsd
	http://cybox.mitre.org/objects#WinExecutableFileObject-2 http://cybox.mitre.org/XMLSchema/objects/Win_Executable_File/2.0.1/Win_Executable_File_Object.xsd
	http://cybox.mitre.org/objects#WinFileObject-2 http://cybox.mitre.org/XMLSchema/objects/Win_File/2.0.1/Win_File_Object.xsd
	http://cybox.mitre.org/objects#WinHandleObject-2 http://cybox.mitre.org/XMLSchema/objects/Win_Handle/2.0.1/Win_Handle_Object.xsd
	http://cybox.mitre.org/objects#WinRegistryKeyObject-2 http://cybox.mitre.org/XMLSchema/objects/Win_Registry_Key/2.0.1/Win_Registry_Key_Object.xsd
	http://stix.mitre.org/Indicator-2 http://stix.mitre.org/XMLSchema/indicator/2.0.1/indicator.xsd
	http://stix.mitre.org/common-1 http://stix.mitre.org/XMLSchema/common/1.0.1/stix_common.xsd
	http://stix.mitre.org/stix-1 http://stix.mitre.org/XMLSchema/core/1.0.1/stix_core.xsd" id="example:guid-d42dd7de-a7ec-11e3-9eb4-000c29b241af" version="1.0.1">
    <stix:STIX_Header>
        <stix:Description>IOCAware Auto-Generated STIX IOC Document for VirusShare_6bf8f1f99ac5bba0db1b66518df378a4</stix:Description>
        <stix:Information_Source>
            <stixCommon:Time>
                <cyboxCommon:Produced_Time>2014-03-09T20:42:16.514286</cyboxCommon:Produced_Time>
            </stixCommon:Time>
        </stix:Information_Source>
    </stix:STIX_Header>
    <stix:Indicators>
        <stix:Indicator id="example:guid-d42ddefa-a7ec-11e3-9eb4-000c29b241af" xmlns:indicator='http://stix.mitre.org/Indicator-2' xsi:type='indicator:IndicatorType' negate="false">
            <indicator:Observable id="example:Observable-3cecfb97-5017-47ad-8df3-98e0cb34d8a7">
                <cybox:Object id="example:WinExecutableFile-b59db7a0-ed25-4bf2-8276-5d70b91600ed">
                    <cybox:Properties xsi:type="WinExecutableFileObj:WindowsExecutableFileObjectType">
                        <FileObj:File_Name>VirusShare_6bf8f1f99ac5bba0db1b66518df378a4</FileObj:File_Name>
                        <FileObj:Size_In_Bytes>19968</FileObj:Size_In_Bytes>
                        <FileObj:File_Format>PE32 executable (GUI) Intel 80386, for MS Windows</FileObj:File_Format>
                        <FileObj:Hashes>
                            <cyboxCommon:Hash>
                                <cyboxCommon:Type xsi:type="cyboxVocabs:HashNameVocab-1.0">MD5</cyboxCommon:Type>
                                <cyboxCommon:Simple_Hash_Value>6bf8f1f99ac5bba0db1b66518df378a4</cyboxCommon:Simple_Hash_Value>
                            </cyboxCommon:Hash>
                            <cyboxCommon:Hash>
                                <cyboxCommon:Type xsi:type="cyboxVocabs:HashNameVocab-1.0">SHA1</cyboxCommon:Type>
                                <cyboxCommon:Simple_Hash_Value>e508966f45b73fe1f9b0ebef3b2501e7845da5ea</cyboxCommon:Simple_Hash_Value>
                            </cyboxCommon:Hash>
                            <cyboxCommon:Hash>
                                <cyboxCommon:Type xsi:type="cyboxVocabs:HashNameVocab-1.0">SHA256</cyboxCommon:Type>
                                <cyboxCommon:Simple_Hash_Value>d8aa8a0d742378829d652e7bc112657fe5b981ced2ac8c7a66745fde52a7800c</cyboxCommon:Simple_Hash_Value>
                            </cyboxCommon:Hash>
                            <cyboxCommon:Hash>
                                <cyboxCommon:Type xsi:type="cyboxVocabs:HashNameVocab-1.0">Other</cyboxCommon:Type>
                                <cyboxCommon:Simple_Hash_Value>c6c8e7dd6caf2849257ee606e32b311d</cyboxCommon:Simple_Hash_Value>
                            </cyboxCommon:Hash>
                            <cyboxCommon:Hash>
                                <cyboxCommon:Type xsi:type="cyboxVocabs:HashNameVocab-1.0">SSDEEP</cyboxCommon:Type>
                                <cyboxCommon:Simple_Hash_Value>192:urqyyyR665ajlDoGxQoQQhuI1c/Q0oGxQooKf4HGxQhuI1c/Q0oGxQooKcPKojil:urVjajZHC3Hm2yDvlh5Jd39OJgoc51</cyboxCommon:Simple_Hash_Value>
                            </cyboxCommon:Hash>
                        </FileObj:Hashes>
                        <WinExecutableFileObj:Exports>
                            <WinExecutableFileObj:Exported_Functions/>
                        </WinExecutableFileObj:Exports>
                        <WinExecutableFileObj:Imports>
                            <WinExecutableFileObj:Import>
                                <WinExecutableFileObj:Imported_Functions>
                                    <WinExecutableFileObj:Imported_Function>
                                        <WinExecutableFileObj:Function_Name>GetProcAddress</WinExecutableFileObj:Function_Name>
                                    </WinExecutableFileObj:Imported_Function>
                                    <WinExecutableFileObj:Imported_Function>
                                        <WinExecutableFileObj:Function_Name>InternetReadFile</WinExecutableFileObj:Function_Name>
                                    </WinExecutableFileObj:Imported_Function>
                                </WinExecutableFileObj:Imported_Functions>
                            </WinExecutableFileObj:Import>
                        </WinExecutableFileObj:Imports>
                        <WinExecutableFileObj:Resources>
                            <WinExecutableFileObj:VersionInfoResource>
                                <WinExecutableFileObj:Comments/>
                                <WinExecutableFileObj:CompanyName/>
                                <WinExecutableFileObj:FileDescription/>
                                <WinExecutableFileObj:FileVersion/>
                                <WinExecutableFileObj:InternalName/>
                                <WinExecutableFileObj:LangID/>
                                <WinExecutableFileObj:LegalCopyright/>
                                <WinExecutableFileObj:OriginalFilename/>
                                <WinExecutableFileObj:PrivateBuild/>
                                <WinExecutableFileObj:ProductName/>
                                <WinExecutableFileObj:ProductVersion/>
                                <WinExecutableFileObj:SpecialBuild/>
                            </WinExecutableFileObj:VersionInfoResource>
                        </WinExecutableFileObj:Resources>
                        <WinExecutableFileObj:Sections>
                            <WinExecutableFileObj:Section>
                                <WinExecutableFileObj:Section_Header>
                                    <WinExecutableFileObj:Name>.rdata</WinExecutableFileObj:Name>
                                    <WinExecutableFileObj:Size_Of_Raw_Data>0600</WinExecutableFileObj:Size_Of_Raw_Data>
                                </WinExecutableFileObj:Section_Header>
                                <WinExecutableFileObj:Entropy>
                                    <WinExecutableFileObj:Value>4.50409807517</WinExecutableFileObj:Value>
                                </WinExecutableFileObj:Entropy>
                            </WinExecutableFileObj:Section>
                            <WinExecutableFileObj:Section>
                                <WinExecutableFileObj:Section_Header>
                                    <WinExecutableFileObj:Name>.data</WinExecutableFileObj:Name>
                                    <WinExecutableFileObj:Size_Of_Raw_Data>0200</WinExecutableFileObj:Size_Of_Raw_Data>
                                </WinExecutableFileObj:Section_Header>
                                <WinExecutableFileObj:Entropy>
                                    <WinExecutableFileObj:Value>4.10446024399</WinExecutableFileObj:Value>
                                </WinExecutableFileObj:Entropy>
                            </WinExecutableFileObj:Section>
                        </WinExecutableFileObj:Sections>
                    </cybox:Properties>
                </cybox:Object>
            </indicator:Observable>
        </stix:Indicator>
        <stix:Indicator id="example:guid-d42e025e-a7ec-11e3-9eb4-000c29b241af" xmlns:indicator='http://stix.mitre.org/Indicator-2' xsi:type='indicator:IndicatorType' negate="false">
            <indicator:Observable id="example:Observable-53952a67-aa07-4985-a4b9-cff8edafd3ba">
                <cybox:Object id="example:Process-1f7f6c1e-b736-497b-8934-a6b70e5d4053">
                    <cybox:Properties xsi:type="ProcessObj:ProcessObjectType">
                        <ProcessObj:PID>1700</ProcessObj:PID>
                        <ProcessObj:Name>VirusShare_6bf8f1f99ac5bba0db1b66518df378a4</ProcessObj:Name>
                        <ProcessObj:Parent_PID>1616</ProcessObj:Parent_PID>
                    </cybox:Properties>
                </cybox:Object>
            </indicator:Observable>
        </stix:Indicator>
        <stix:Indicator id="example:guid-d42e08bc-a7ec-11e3-9eb4-000c29b241af" xmlns:indicator='http://stix.mitre.org/Indicator-2' xsi:type='indicator:IndicatorType' negate="false">
            <indicator:Observable id="example:Observable-a75c46e9-d1b4-42fc-84bc-873962513241">
                <cybox:Object id="example:WinRegistryKey-26b901ab-2549-451c-9f5e-569940da8eb8">
                    <cybox:Properties xsi:type="WinRegistryKeyObj:WindowsRegistryKeyObjectType">
                        <WinRegistryKeyObj:Key>HKEY_LOCAL_MACHINE\System\CurrentControlSet\Services\Tcpip\Parameters</WinRegistryKeyObj:Key>
                    </cybox:Properties>
                </cybox:Object>
            </indicator:Observable>
        </stix:Indicator>
        <stix:Indicator id="example:guid-d42e0d76-a7ec-11e3-9eb4-000c29b241af" xmlns:indicator='http://stix.mitre.org/Indicator-2' xsi:type='indicator:IndicatorType' negate="false"/>
    </stix:Indicators>
</stix:STIX_Package>
