<stix:STIX_Package 
	xmlns:cyboxCommon="http://cybox.mitre.org/common-2"
	xmlns:cybox="http://cybox.mitre.org/cybox-2"
	xmlns:cyboxVocabs="http://cybox.mitre.org/default_vocabularies-2"
	xmlns:AccountObj="http://cybox.mitre.org/objects#AccountObject-2"
	xmlns:AddressObj="http://cybox.mitre.org/objects#AddressObject-2"
	xmlns:DNSQueryObj="http://cybox.mitre.org/objects#DNSQueryObject-2"
	xmlns:DNSRecordObj="http://cybox.mitre.org/objects#DNSRecordObject-2"
	xmlns:FileObj="http://cybox.mitre.org/objects#FileObject-2"
	xmlns:HTTPSessionObj="http://cybox.mitre.org/objects#HTTPSessionObject-2"
	xmlns:NetworkConnectionObj="http://cybox.mitre.org/objects#NetworkConnectionObject-2"
	xmlns:PortObj="http://cybox.mitre.org/objects#PortObject-2"
	xmlns:ProcessObj="http://cybox.mitre.org/objects#ProcessObject-2"
	xmlns:SocketAddressObj="http://cybox.mitre.org/objects#SocketAddressObject-1"
	xmlns:URIObj="http://cybox.mitre.org/objects#URIObject-2"
	xmlns:WinComputerAccountObj="http://cybox.mitre.org/objects#WinComputerAccountObject-2"
	xmlns:WinExecutableFileObj="http://cybox.mitre.org/objects#WinExecutableFileObject-2"
	xmlns:WinFileObj="http://cybox.mitre.org/objects#WinFileObject-2"
	xmlns:WinHandleObj="http://cybox.mitre.org/objects#WinHandleObject-2"
	xmlns:WinRegistryKeyObj="http://cybox.mitre.org/objects#WinRegistryKeyObject-2"
	xmlns:example="http://example.com"
	xmlns:indicator="http://stix.mitre.org/Indicator-2"
	xmlns:stixCommon="http://stix.mitre.org/common-1"
	xmlns:stixVocabs="http://stix.mitre.org/default_vocabularies-1"
	xmlns:stix="http://stix.mitre.org/stix-1"
	xmlns:xsi="http://www.w3.org/2001/XMLSchema-instance"
	xsi:schemaLocation="
	http://cybox.mitre.org/common-2 http://cybox.mitre.org/XMLSchema/common/2.0.1/cybox_common.xsd
	http://cybox.mitre.org/cybox-2 http://cybox.mitre.org/XMLSchema/core/2.0.1/cybox_core.xsd
	http://cybox.mitre.org/default_vocabularies-2 http://cybox.mitre.org/XMLSchema/default_vocabularies/2.0.1/cybox_default_vocabularies.xsd
	http://cybox.mitre.org/objects#AccountObject-2 http://cybox.mitre.org/XMLSchema/objects/Account/2.0.1/Account_Object.xsd
	http://cybox.mitre.org/objects#AddressObject-2 http://cybox.mitre.org/XMLSchema/objects/Address/2.0.1/Address_Object.xsd
	http://cybox.mitre.org/objects#DNSQueryObject-2 http://cybox.mitre.org/XMLSchema/objects/DNS_Query/2.0.1/DNS_Query_Object.xsd
	http://cybox.mitre.org/objects#DNSRecordObject-2 http://cybox.mitre.org/XMLSchema/objects/DNS_Record/2.0.1/DNS_Record_Object.xsd
	http://cybox.mitre.org/objects#FileObject-2 http://cybox.mitre.org/XMLSchema/objects/File/2.0.1/File_Object.xsd
	http://cybox.mitre.org/objects#HTTPSessionObject-2 http://cybox.mitre.org/XMLSchema/objects/HTTP_Session/2.0.1/HTTP_Session_Object.xsd
	http://cybox.mitre.org/objects#NetworkConnectionObject-2 http://cybox.mitre.org/XMLSchema/objects/Network_Connection/2.0.1/Network_Connection_Object.xsd
	http://cybox.mitre.org/objects#PortObject-2 http://cybox.mitre.org/XMLSchema/objects/Port/2.0.1/Port_Object.xsd
	http://cybox.mitre.org/objects#ProcessObject-2 http://cybox.mitre.org/XMLSchema/objects/Process/2.0.1/Process_Object.xsd
	http://cybox.mitre.org/objects#SocketAddressObject-1 http://cybox.mitre.org/XMLSchema/objects/Socket_Address/2.0.1/Socket_Address_Object.xsd
	http://cybox.mitre.org/objects#URIObject-2 http://cybox.mitre.org/XMLSchema/objects/URI/2.0.1/URI_Object.xsd
	http://cybox.mitre.org/objects#WinComputerAccountObject-2 http://cybox.mitre.org/XMLSchema/objects/Win_Computer_Account/2.0.1/Win_Computer_Account_Object.xsd
	http://cybox.mitre.org/objects#WinExecutableFileObject-2 http://cybox.mitre.org/XMLSchema/objects/Win_Executable_File/2.0.1/Win_Executable_File_Object.xsd
	http://cybox.mitre.org/objects#WinFileObject-2 http://cybox.mitre.org/XMLSchema/objects/Win_File/2.0.1/Win_File_Object.xsd
	http://cybox.mitre.org/objects#WinHandleObject-2 http://cybox.mitre.org/XMLSchema/objects/Win_Handle/2.0.1/Win_Handle_Object.xsd
	http://cybox.mitre.org/objects#WinRegistryKeyObject-2 http://cybox.mitre.org/XMLSchema/objects/Win_Registry_Key/2.0.1/Win_Registry_Key_Object.xsd
	http://stix.mitre.org/Indicator-2 http://stix.mitre.org/XMLSchema/indicator/2.0.1/indicator.xsd
	http://stix.mitre.org/common-1 http://stix.mitre.org/XMLSchema/common/1.0.1/stix_common.xsd
	http://stix.mitre.org/stix-1 http://stix.mitre.org/XMLSchema/core/1.0.1/stix_core.xsd" id="example:guid-13b54882-a7f3-11e3-a15c-000c29b241af" version="1.0.1">
    <stix:STIX_Header>
        <stix:Description>IOCAware Auto-Generated STIX IOC Document for VirusShare_7f1a4bc267ace340a5aa7a0b79cbf349</stix:Description>
        <stix:Information_Source>
            <stixCommon:Time>
                <cyboxCommon:Produced_Time>2014-03-09T21:27:00.078954</cyboxCommon:Produced_Time>
            </stixCommon:Time>
        </stix:Information_Source>
    </stix:STIX_Header>
    <stix:Indicators>
        <stix:Indicator id="example:guid-13b55a5c-a7f3-11e3-a15c-000c29b241af" xmlns:indicator='http://stix.mitre.org/Indicator-2' xsi:type='indicator:IndicatorType' negate="false">
            <indicator:Observable id="example:Observable-7dc2356b-05af-40e9-a5d4-e23c1fc5b12b">
                <cybox:Object id="example:WinExecutableFile-d7f3f96a-0e63-4e78-83a5-6889494bdee0">
                    <cybox:Properties xsi:type="WinExecutableFileObj:WindowsExecutableFileObjectType">
                        <FileObj:File_Name>VirusShare_7f1a4bc267ace340a5aa7a0b79cbf349</FileObj:File_Name>
                        <FileObj:Size_In_Bytes>299008</FileObj:Size_In_Bytes>
                        <FileObj:File_Format>PE32 executable (GUI) Intel 80386, for MS Windows</FileObj:File_Format>
                        <FileObj:Hashes>
                            <cyboxCommon:Hash>
                                <cyboxCommon:Type xsi:type="cyboxVocabs:HashNameVocab-1.0">MD5</cyboxCommon:Type>
                                <cyboxCommon:Simple_Hash_Value>7f1a4bc267ace340a5aa7a0b79cbf349</cyboxCommon:Simple_Hash_Value>
                            </cyboxCommon:Hash>
                            <cyboxCommon:Hash>
                                <cyboxCommon:Type xsi:type="cyboxVocabs:HashNameVocab-1.0">SHA1</cyboxCommon:Type>
                                <cyboxCommon:Simple_Hash_Value>50ddcf957e2d2d397aef0785436e3a23322eef9a</cyboxCommon:Simple_Hash_Value>
                            </cyboxCommon:Hash>
                            <cyboxCommon:Hash>
                                <cyboxCommon:Type xsi:type="cyboxVocabs:HashNameVocab-1.0">SHA256</cyboxCommon:Type>
                                <cyboxCommon:Simple_Hash_Value>c1e28e070fb45531dd43cd6431698345041fd3daf64a6edb4aa67ce0dd2f8fa7</cyboxCommon:Simple_Hash_Value>
                            </cyboxCommon:Hash>
                            <cyboxCommon:Hash>
                                <cyboxCommon:Type xsi:type="cyboxVocabs:HashNameVocab-1.0">Other</cyboxCommon:Type>
                                <cyboxCommon:Simple_Hash_Value>e9ed2b023e07f3133173972c8b99215a</cyboxCommon:Simple_Hash_Value>
                            </cyboxCommon:Hash>
                            <cyboxCommon:Hash>
                                <cyboxCommon:Type xsi:type="cyboxVocabs:HashNameVocab-1.0">SSDEEP</cyboxCommon:Type>
                                <cyboxCommon:Simple_Hash_Value>6144:Y4Uzy8SUmphsJS9oXAL3PYfWSiNx+3EvQc:5U+8wp2Q9H3PYriG3</cyboxCommon:Simple_Hash_Value>
                            </cyboxCommon:Hash>
                        </FileObj:Hashes>
                        <WinExecutableFileObj:Exports>
                            <WinExecutableFileObj:Exported_Functions/>
                        </WinExecutableFileObj:Exports>
                        <WinExecutableFileObj:Imports>
                            <WinExecutableFileObj:Import>
                                <WinExecutableFileObj:Imported_Functions>
                                    <WinExecutableFileObj:Imported_Function>
                                        <WinExecutableFileObj:Function_Name>WriteFile</WinExecutableFileObj:Function_Name>
                                    </WinExecutableFileObj:Imported_Function>
                                    <WinExecutableFileObj:Imported_Function>
                                        <WinExecutableFileObj:Function_Name>LoadResource</WinExecutableFileObj:Function_Name>
                                    </WinExecutableFileObj:Imported_Function>
                                    <WinExecutableFileObj:Imported_Function>
                                        <WinExecutableFileObj:Function_Name>GetProcAddress</WinExecutableFileObj:Function_Name>
                                    </WinExecutableFileObj:Imported_Function>
                                    <WinExecutableFileObj:Imported_Function>
                                        <WinExecutableFileObj:Function_Name>WinExec</WinExecutableFileObj:Function_Name>
                                    </WinExecutableFileObj:Imported_Function>
                                </WinExecutableFileObj:Imported_Functions>
                            </WinExecutableFileObj:Import>
                        </WinExecutableFileObj:Imports>
                        <WinExecutableFileObj:Resources>
                            <WinExecutableFileObj:VersionInfoResource>
                                <WinExecutableFileObj:Comments/>
                                <WinExecutableFileObj:CompanyName/>
                                <WinExecutableFileObj:FileDescription/>
                                <WinExecutableFileObj:FileVersion/>
                                <WinExecutableFileObj:InternalName/>
                                <WinExecutableFileObj:LangID/>
                                <WinExecutableFileObj:LegalCopyright/>
                                <WinExecutableFileObj:OriginalFilename/>
                                <WinExecutableFileObj:PrivateBuild/>
                                <WinExecutableFileObj:ProductName/>
                                <WinExecutableFileObj:ProductVersion/>
                                <WinExecutableFileObj:SpecialBuild/>
                            </WinExecutableFileObj:VersionInfoResource>
                        </WinExecutableFileObj:Resources>
                        <WinExecutableFileObj:Sections>
                            <WinExecutableFileObj:Section>
                                <WinExecutableFileObj:Section_Header>
                                    <WinExecutableFileObj:Name>.rdata</WinExecutableFileObj:Name>
                                    <WinExecutableFileObj:Size_Of_Raw_Data>0800</WinExecutableFileObj:Size_Of_Raw_Data>
                                </WinExecutableFileObj:Section_Header>
                                <WinExecutableFileObj:Entropy>
                                    <WinExecutableFileObj:Value>4.4632137142</WinExecutableFileObj:Value>
                                </WinExecutableFileObj:Entropy>
                            </WinExecutableFileObj:Section>
                            <WinExecutableFileObj:Section>
                                <WinExecutableFileObj:Section_Header>
                                    <WinExecutableFileObj:Name>.data</WinExecutableFileObj:Name>
                                    <WinExecutableFileObj:Size_Of_Raw_Data>0800</WinExecutableFileObj:Size_Of_Raw_Data>
                                </WinExecutableFileObj:Section_Header>
                                <WinExecutableFileObj:Entropy>
                                    <WinExecutableFileObj:Value>4.1089648739</WinExecutableFileObj:Value>
                                </WinExecutableFileObj:Entropy>
                            </WinExecutableFileObj:Section>
                            <WinExecutableFileObj:Section>
                                <WinExecutableFileObj:Section_Header>
                                    <WinExecutableFileObj:Name>.rsrc</WinExecutableFileObj:Name>
                                    <WinExecutableFileObj:Size_Of_Raw_Data>045000</WinExecutableFileObj:Size_Of_Raw_Data>
                                </WinExecutableFileObj:Section_Header>
                                <WinExecutableFileObj:Entropy>
                                    <WinExecutableFileObj:Value>7.30439064724</WinExecutableFileObj:Value>
                                </WinExecutableFileObj:Entropy>
                            </WinExecutableFileObj:Section>
                        </WinExecutableFileObj:Sections>
                    </cybox:Properties>
                </cybox:Object>
            </indicator:Observable>
        </stix:Indicator>
        <stix:Indicator id="example:guid-13b5cc8a-a7f3-11e3-a15c-000c29b241af" xmlns:indicator='http://stix.mitre.org/Indicator-2' xsi:type='indicator:IndicatorType' negate="false">
            <indicator:Observable id="example:Observable-cade0c2d-d11c-435d-b2c0-9b05a5d380d6">
                <cybox:Observable_Composition operator="AND">
                    <cybox:Observable id="example:Observable-e9d8fd45-4c46-49be-80ea-74dca70e72ff">
                        <cybox:Object id="example:File-1bf30a7d-71e9-46e4-bead-50077b0d7b74">
                            <cybox:Properties xsi:type="FileObj:FileObjectType">
                                <FileObj:File_Name>VirusShare_7f1a4bc267ace340a5aa7a0b79cbf349</FileObj:File_Name>
                                <FileObj:Size_In_Bytes>299008</FileObj:Size_In_Bytes>
                                <FileObj:Hashes>
                                    <cyboxCommon:Hash>
                                        <cyboxCommon:Type xsi:type="cyboxVocabs:HashNameVocab-1.0">MD5</cyboxCommon:Type>
                                        <cyboxCommon:Simple_Hash_Value>7f1a4bc267ace340a5aa7a0b79cbf349</cyboxCommon:Simple_Hash_Value>
                                    </cyboxCommon:Hash>
                                    <cyboxCommon:Hash>
                                        <cyboxCommon:Type xsi:type="cyboxVocabs:HashNameVocab-1.0">SHA1</cyboxCommon:Type>
                                        <cyboxCommon:Simple_Hash_Value>50ddcf957e2d2d397aef0785436e3a23322eef9a</cyboxCommon:Simple_Hash_Value>
                                    </cyboxCommon:Hash>
                                    <cyboxCommon:Hash>
                                        <cyboxCommon:Type xsi:type="cyboxVocabs:HashNameVocab-1.0">SHA256</cyboxCommon:Type>
                                        <cyboxCommon:Simple_Hash_Value>c1e28e070fb45531dd43cd6431698345041fd3daf64a6edb4aa67ce0dd2f8fa7</cyboxCommon:Simple_Hash_Value>
                                    </cyboxCommon:Hash>
                                </FileObj:Hashes>
                            </cybox:Properties>
                        </cybox:Object>
                    </cybox:Observable>
                    <cybox:Observable id="example:Observable-98691180-9729-4e8a-8cce-ddd08bb56a9e">
                        <cybox:Object id="example:File-6944c9a3-c0ed-4a17-b3db-66fcbe235a36">
                            <cybox:Properties xsi:type="FileObj:FileObjectType">
                                <FileObj:File_Name>11955ec1012163b57d15a330f5c7a689_8a994bbc-cc3a-4a61-a218-7b6ae8d01d3b</FileObj:File_Name>
                                <FileObj:Size_In_Bytes>47</FileObj:Size_In_Bytes>
                                <FileObj:Hashes>
                                    <cyboxCommon:Hash>
                                        <cyboxCommon:Type xsi:type="cyboxVocabs:HashNameVocab-1.0">MD5</cyboxCommon:Type>
                                        <cyboxCommon:Simple_Hash_Value>80b47921507a1a856aabd60d8a18891c</cyboxCommon:Simple_Hash_Value>
                                    </cyboxCommon:Hash>
                                    <cyboxCommon:Hash>
                                        <cyboxCommon:Type xsi:type="cyboxVocabs:HashNameVocab-1.0">SHA1</cyboxCommon:Type>
                                        <cyboxCommon:Simple_Hash_Value>4536f73aa578107bca3ef3d3df4fd53ead011ba7</cyboxCommon:Simple_Hash_Value>
                                    </cyboxCommon:Hash>
                                    <cyboxCommon:Hash>
                                        <cyboxCommon:Type xsi:type="cyboxVocabs:HashNameVocab-1.0">SHA256</cyboxCommon:Type>
                                        <cyboxCommon:Simple_Hash_Value>8697704061e09081289c65e830ddf2a02dfab904ac234a608edfae594376f4c1</cyboxCommon:Simple_Hash_Value>
                                    </cyboxCommon:Hash>
                                </FileObj:Hashes>
                            </cybox:Properties>
                        </cybox:Object>
                    </cybox:Observable>
                    <cybox:Observable id="example:Observable-4428fc3a-cb45-4e3c-b8da-d6091cfe12ec">
                        <cybox:Object id="example:File-e9e345e6-a802-4e04-a700-75fa4514e07b">
                            <cybox:Properties xsi:type="FileObj:FileObjectType">
                                <FileObj:File_Name>autoexec.bat</FileObj:File_Name>
                                <FileObj:Size_In_Bytes>0</FileObj:Size_In_Bytes>
                                <FileObj:Hashes>
                                    <cyboxCommon:Hash>
                                        <cyboxCommon:Type xsi:type="cyboxVocabs:HashNameVocab-1.0">MD5</cyboxCommon:Type>
                                        <cyboxCommon:Simple_Hash_Value>d41d8cd98f00b204e9800998ecf8427e</cyboxCommon:Simple_Hash_Value>
                                    </cyboxCommon:Hash>
                                    <cyboxCommon:Hash>
                                        <cyboxCommon:Type xsi:type="cyboxVocabs:HashNameVocab-1.0">SHA1</cyboxCommon:Type>
                                        <cyboxCommon:Simple_Hash_Value>da39a3ee5e6b4b0d3255bfef95601890afd80709</cyboxCommon:Simple_Hash_Value>
                                    </cyboxCommon:Hash>
                                    <cyboxCommon:Hash>
                                        <cyboxCommon:Type xsi:type="cyboxVocabs:HashNameVocab-1.0">SHA256</cyboxCommon:Type>
                                        <cyboxCommon:Simple_Hash_Value>e3b0c44298fc1c149afbf4c8996fb92427ae41e4649b934ca495991b7852b855</cyboxCommon:Simple_Hash_Value>
                                    </cyboxCommon:Hash>
                                </FileObj:Hashes>
                            </cybox:Properties>
                        </cybox:Object>
                    </cybox:Observable>
                </cybox:Observable_Composition>
            </indicator:Observable>
        </stix:Indicator>
        <stix:Indicator id="example:guid-13b6051a-a7f3-11e3-a15c-000c29b241af" xmlns:indicator='http://stix.mitre.org/Indicator-2' xsi:type='indicator:IndicatorType' negate="false">
            <indicator:Observable id="example:Observable-76444638-6bba-4f12-aba1-5f17c8362633">
                <cybox:Observable_Composition operator="AND">
                    <cybox:Observable id="example:Observable-bd5cffe2-a861-4705-978c-ec4f8206d256">
                        <cybox:Object id="example:Process-79fac826-5cb8-4d2f-b91f-224e96f08813">
                            <cybox:Properties xsi:type="ProcessObj:ProcessObjectType">
                                <ProcessObj:PID>1700</ProcessObj:PID>
                                <ProcessObj:Name>VirusShare_7f1a4bc267ace340a5aa7a0b79cbf349</ProcessObj:Name>
                                <ProcessObj:Parent_PID>900</ProcessObj:Parent_PID>
                            </cybox:Properties>
                        </cybox:Object>
                    </cybox:Observable>
                    <cybox:Observable id="example:Observable-c5e657b9-7bbf-4573-ba08-baff190e998e">
                        <cybox:Object id="example:Process-3f56bdd0-1e62-4533-8147-659f0c6b1157">
                            <cybox:Properties xsi:type="ProcessObj:ProcessObjectType">
                                <ProcessObj:PID>1720</ProcessObj:PID>
                                <ProcessObj:Name>AdobeRe.exe</ProcessObj:Name>
                                <ProcessObj:Parent_PID>1700</ProcessObj:Parent_PID>
                            </cybox:Properties>
                        </cybox:Object>
                    </cybox:Observable>
                </cybox:Observable_Composition>
            </indicator:Observable>
        </stix:Indicator>
        <stix:Indicator id="example:guid-13b61028-a7f3-11e3-a15c-000c29b241af" xmlns:indicator='http://stix.mitre.org/Indicator-2' xsi:type='indicator:IndicatorType' negate="false">
            <indicator:Observable id="example:Observable-934bf580-0521-4497-8b09-094a3dfa3c45">
                <cybox:Observable_Composition operator="AND">
                    <cybox:Observable id="example:Observable-a8d9491f-d88a-447a-99a7-7f6c4ceb184a">
                        <cybox:Object id="example:WinRegistryKey-a0bc4bf8-7cea-4709-9d15-fff4971b12d5">
                            <cybox:Properties xsi:type="WinRegistryKeyObj:WindowsRegistryKeyObjectType">
                                <WinRegistryKeyObj:Key>Software\Microsoft\Windows NT\CurrentVersion\Winlogon</WinRegistryKeyObj:Key>
                            </cybox:Properties>
                        </cybox:Object>
                    </cybox:Observable>
                    <cybox:Observable id="example:Observable-e260c3c4-2504-409a-b0c0-baecbaea4dd1">
                        <cybox:Object id="example:WinRegistryKey-8c1577e3-012b-4796-aefa-3a7dd500ad9e">
                            <cybox:Properties xsi:type="WinRegistryKeyObj:WindowsRegistryKeyObjectType">
                                <WinRegistryKeyObj:Key>HKEY_CURRENT_USER\Software\Microsoft\Windows\CurrentVersion\Explorer\User Shell Folders</WinRegistryKeyObj:Key>
                            </cybox:Properties>
                        </cybox:Object>
                    </cybox:Observable>
                    <cybox:Observable id="example:Observable-7cd92199-ce87-42b9-ae41-c4a8fab015c3">
                        <cybox:Object id="example:WinRegistryKey-c219909d-784d-48fa-a99a-9da4e5589c80">
                            <cybox:Properties xsi:type="WinRegistryKeyObj:WindowsRegistryKeyObjectType">
                                <WinRegistryKeyObj:Key>HKEY_CURRENT_USER\Software\Microsoft\Windows\CurrentVersion\Explorer\Shell Folders</WinRegistryKeyObj:Key>
                            </cybox:Properties>
                        </cybox:Object>
                    </cybox:Observable>
                    <cybox:Observable id="example:Observable-d6aec620-87d5-489a-8875-9445c7027ff0">
                        <cybox:Object id="example:WinRegistryKey-91dd2cfd-3efc-4bcb-b42e-8595c74ad00c">
                            <cybox:Properties xsi:type="WinRegistryKeyObj:WindowsRegistryKeyObjectType">
                                <WinRegistryKeyObj:Key>HKEY_LOCAL_MACHINE\Software\Microsoft\Tracing</WinRegistryKeyObj:Key>
                            </cybox:Properties>
                        </cybox:Object>
                    </cybox:Observable>
                    <cybox:Observable id="example:Observable-7fe111c5-2abd-4ec9-a360-b5eabf4a91ec">
                        <cybox:Object id="example:WinRegistryKey-39f4b951-7c14-41b2-bc6f-d5f3ee12acde">
                            <cybox:Properties xsi:type="WinRegistryKeyObj:WindowsRegistryKeyObjectType">
                                <WinRegistryKeyObj:Key>HKEY_LOCAL_MACHINE\Software\Microsoft\Windows\CurrentVersion\Explorer\User Shell Folders</WinRegistryKeyObj:Key>
                            </cybox:Properties>
                        </cybox:Object>
                    </cybox:Observable>
                    <cybox:Observable id="example:Observable-019050c0-61cb-4f02-87e1-0a0258e8187a">
                        <cybox:Object id="example:WinRegistryKey-4f44e49b-eb62-411c-96e9-d0c18300a28b">
                            <cybox:Properties xsi:type="WinRegistryKeyObj:WindowsRegistryKeyObjectType">
                                <WinRegistryKeyObj:Key>HKEY_LOCAL_MACHINE\Software\Microsoft\Windows\CurrentVersion\Explorer\Shell Folders</WinRegistryKeyObj:Key>
                            </cybox:Properties>
                        </cybox:Object>
                    </cybox:Observable>
                    <cybox:Observable id="example:Observable-eeb95b99-3cac-4dc4-8f8c-856ce85ff15a">
                        <cybox:Object id="example:WinRegistryKey-73350e5b-4d40-45b5-a741-e57a60fcd94a">
                            <cybox:Properties xsi:type="WinRegistryKeyObj:WindowsRegistryKeyObjectType">
                                <WinRegistryKeyObj:Key>Software\Microsoft\Windows\CurrentVersion\Explorer\User Shell Folders</WinRegistryKeyObj:Key>
                            </cybox:Properties>
                        </cybox:Object>
                    </cybox:Observable>
                    <cybox:Observable id="example:Observable-554da559-86fd-431d-bd1c-21134e467cf8">
                        <cybox:Object id="example:WinRegistryKey-7f5fead2-5581-4c3b-9c90-5c87304783d0">
                            <cybox:Properties xsi:type="WinRegistryKeyObj:WindowsRegistryKeyObjectType">
                                <WinRegistryKeyObj:Key>Software\Microsoft\Windows\CurrentVersion\Explorer\Shell Folders</WinRegistryKeyObj:Key>
                            </cybox:Properties>
                        </cybox:Object>
                    </cybox:Observable>
                    <cybox:Observable id="example:Observable-bcc34b70-45f1-4615-84c2-a91f642f395f">
                        <cybox:Object id="example:WinRegistryKey-d15f8d73-5e3c-4aeb-8380-ff088b09c166">
                            <cybox:Properties xsi:type="WinRegistryKeyObj:WindowsRegistryKeyObjectType">
                                <WinRegistryKeyObj:Key>Software\Microsoft\windows\CurrentVersion\Internet Settings</WinRegistryKeyObj:Key>
                            </cybox:Properties>
                        </cybox:Object>
                    </cybox:Observable>
                    <cybox:Observable id="example:Observable-f79d5a9a-db93-429b-8cd5-58d68e12a50b">
                        <cybox:Object id="example:WinRegistryKey-e48f2352-cca6-4ff3-9a62-b0e881e8aa51">
                            <cybox:Properties xsi:type="WinRegistryKeyObj:WindowsRegistryKeyObjectType">
                                <WinRegistryKeyObj:Key>Software\Microsoft\windows\CurrentVersion\Internet Settings\Connections</WinRegistryKeyObj:Key>
                            </cybox:Properties>
                        </cybox:Object>
                    </cybox:Observable>
                    <cybox:Observable id="example:Observable-76e5343b-fe31-4118-95a8-5bdc4e347ccb">
                        <cybox:Object id="example:WinRegistryKey-bdbbbc74-4202-4c58-90ee-43d2a04e6aff">
                            <cybox:Properties xsi:type="WinRegistryKeyObj:WindowsRegistryKeyObjectType">
                                <WinRegistryKeyObj:Key>HKEY_CURRENT_CONFIG\Software\Microsoft\windows\CurrentVersion\Internet Settings</WinRegistryKeyObj:Key>
                            </cybox:Properties>
                        </cybox:Object>
                    </cybox:Observable>
                </cybox:Observable_Composition>
            </indicator:Observable>
        </stix:Indicator>
    </stix:Indicators>
</stix:STIX_Package>
