<stix:STIX_Package 
	xmlns:cyboxCommon="http://cybox.mitre.org/common-2"
	xmlns:cybox="http://cybox.mitre.org/cybox-2"
	xmlns:cyboxVocabs="http://cybox.mitre.org/default_vocabularies-2"
	xmlns:AccountObj="http://cybox.mitre.org/objects#AccountObject-2"
	xmlns:AddressObj="http://cybox.mitre.org/objects#AddressObject-2"
	xmlns:DNSQueryObj="http://cybox.mitre.org/objects#DNSQueryObject-2"
	xmlns:DNSRecordObj="http://cybox.mitre.org/objects#DNSRecordObject-2"
	xmlns:FileObj="http://cybox.mitre.org/objects#FileObject-2"
	xmlns:HTTPSessionObj="http://cybox.mitre.org/objects#HTTPSessionObject-2"
	xmlns:NetworkConnectionObj="http://cybox.mitre.org/objects#NetworkConnectionObject-2"
	xmlns:PortObj="http://cybox.mitre.org/objects#PortObject-2"
	xmlns:ProcessObj="http://cybox.mitre.org/objects#ProcessObject-2"
	xmlns:SocketAddressObj="http://cybox.mitre.org/objects#SocketAddressObject-1"
	xmlns:URIObj="http://cybox.mitre.org/objects#URIObject-2"
	xmlns:WinComputerAccountObj="http://cybox.mitre.org/objects#WinComputerAccountObject-2"
	xmlns:WinExecutableFileObj="http://cybox.mitre.org/objects#WinExecutableFileObject-2"
	xmlns:WinFileObj="http://cybox.mitre.org/objects#WinFileObject-2"
	xmlns:WinHandleObj="http://cybox.mitre.org/objects#WinHandleObject-2"
	xmlns:WinRegistryKeyObj="http://cybox.mitre.org/objects#WinRegistryKeyObject-2"
	xmlns:example="http://example.com"
	xmlns:indicator="http://stix.mitre.org/Indicator-2"
	xmlns:stixCommon="http://stix.mitre.org/common-1"
	xmlns:stixVocabs="http://stix.mitre.org/default_vocabularies-1"
	xmlns:stix="http://stix.mitre.org/stix-1"
	xmlns:xsi="http://www.w3.org/2001/XMLSchema-instance"
	xsi:schemaLocation="
	http://cybox.mitre.org/common-2 http://cybox.mitre.org/XMLSchema/common/2.0.1/cybox_common.xsd
	http://cybox.mitre.org/cybox-2 http://cybox.mitre.org/XMLSchema/core/2.0.1/cybox_core.xsd
	http://cybox.mitre.org/default_vocabularies-2 http://cybox.mitre.org/XMLSchema/default_vocabularies/2.0.1/cybox_default_vocabularies.xsd
	http://cybox.mitre.org/objects#AccountObject-2 http://cybox.mitre.org/XMLSchema/objects/Account/2.0.1/Account_Object.xsd
	http://cybox.mitre.org/objects#AddressObject-2 http://cybox.mitre.org/XMLSchema/objects/Address/2.0.1/Address_Object.xsd
	http://cybox.mitre.org/objects#DNSQueryObject-2 http://cybox.mitre.org/XMLSchema/objects/DNS_Query/2.0.1/DNS_Query_Object.xsd
	http://cybox.mitre.org/objects#DNSRecordObject-2 http://cybox.mitre.org/XMLSchema/objects/DNS_Record/2.0.1/DNS_Record_Object.xsd
	http://cybox.mitre.org/objects#FileObject-2 http://cybox.mitre.org/XMLSchema/objects/File/2.0.1/File_Object.xsd
	http://cybox.mitre.org/objects#HTTPSessionObject-2 http://cybox.mitre.org/XMLSchema/objects/HTTP_Session/2.0.1/HTTP_Session_Object.xsd
	http://cybox.mitre.org/objects#NetworkConnectionObject-2 http://cybox.mitre.org/XMLSchema/objects/Network_Connection/2.0.1/Network_Connection_Object.xsd
	http://cybox.mitre.org/objects#PortObject-2 http://cybox.mitre.org/XMLSchema/objects/Port/2.0.1/Port_Object.xsd
	http://cybox.mitre.org/objects#ProcessObject-2 http://cybox.mitre.org/XMLSchema/objects/Process/2.0.1/Process_Object.xsd
	http://cybox.mitre.org/objects#SocketAddressObject-1 http://cybox.mitre.org/XMLSchema/objects/Socket_Address/2.0.1/Socket_Address_Object.xsd
	http://cybox.mitre.org/objects#URIObject-2 http://cybox.mitre.org/XMLSchema/objects/URI/2.0.1/URI_Object.xsd
	http://cybox.mitre.org/objects#WinComputerAccountObject-2 http://cybox.mitre.org/XMLSchema/objects/Win_Computer_Account/2.0.1/Win_Computer_Account_Object.xsd
	http://cybox.mitre.org/objects#WinExecutableFileObject-2 http://cybox.mitre.org/XMLSchema/objects/Win_Executable_File/2.0.1/Win_Executable_File_Object.xsd
	http://cybox.mitre.org/objects#WinFileObject-2 http://cybox.mitre.org/XMLSchema/objects/Win_File/2.0.1/Win_File_Object.xsd
	http://cybox.mitre.org/objects#WinHandleObject-2 http://cybox.mitre.org/XMLSchema/objects/Win_Handle/2.0.1/Win_Handle_Object.xsd
	http://cybox.mitre.org/objects#WinRegistryKeyObject-2 http://cybox.mitre.org/XMLSchema/objects/Win_Registry_Key/2.0.1/Win_Registry_Key_Object.xsd
	http://stix.mitre.org/Indicator-2 http://stix.mitre.org/XMLSchema/indicator/2.0.1/indicator.xsd
	http://stix.mitre.org/common-1 http://stix.mitre.org/XMLSchema/common/1.0.1/stix_common.xsd
	http://stix.mitre.org/stix-1 http://stix.mitre.org/XMLSchema/core/1.0.1/stix_core.xsd" id="example:guid-9f6caa7c-a7e5-11e3-8087-000c29b241af" version="1.0.1">
    <stix:STIX_Header>
        <stix:Description>IOCAware Auto-Generated STIX IOC Document for VirusShare_55886d571c2a57984ea9659b57e1c63a</stix:Description>
        <stix:Information_Source>
            <stixCommon:Time>
                <cyboxCommon:Produced_Time>2014-03-09T19:50:41.529616</cyboxCommon:Produced_Time>
            </stixCommon:Time>
        </stix:Information_Source>
    </stix:STIX_Header>
    <stix:Indicators>
        <stix:Indicator id="example:guid-9f6cb01c-a7e5-11e3-8087-000c29b241af" xmlns:indicator='http://stix.mitre.org/Indicator-2' xsi:type='indicator:IndicatorType' negate="false">
            <indicator:Observable id="example:Observable-5dd1c3b5-e0d2-4b13-88ec-b9da1cbcbb1a">
                <cybox:Object id="example:WinExecutableFile-90b227f4-5359-4404-8876-cfc68121311d">
                    <cybox:Properties xsi:type="WinExecutableFileObj:WindowsExecutableFileObjectType">
                        <FileObj:File_Name>VirusShare_55886d571c2a57984ea9659b57e1c63a</FileObj:File_Name>
                        <FileObj:Size_In_Bytes>32768</FileObj:Size_In_Bytes>
                        <FileObj:File_Format>PE32 executable (GUI) Intel 80386, for MS Windows</FileObj:File_Format>
                        <FileObj:Hashes>
                            <cyboxCommon:Hash>
                                <cyboxCommon:Type xsi:type="cyboxVocabs:HashNameVocab-1.0">MD5</cyboxCommon:Type>
                                <cyboxCommon:Simple_Hash_Value>55886d571c2a57984ea9659b57e1c63a</cyboxCommon:Simple_Hash_Value>
                            </cyboxCommon:Hash>
                            <cyboxCommon:Hash>
                                <cyboxCommon:Type xsi:type="cyboxVocabs:HashNameVocab-1.0">SHA1</cyboxCommon:Type>
                                <cyboxCommon:Simple_Hash_Value>d8a93ccc6985aab10a558eb05168edfd860a1cd6</cyboxCommon:Simple_Hash_Value>
                            </cyboxCommon:Hash>
                            <cyboxCommon:Hash>
                                <cyboxCommon:Type xsi:type="cyboxVocabs:HashNameVocab-1.0">SHA256</cyboxCommon:Type>
                                <cyboxCommon:Simple_Hash_Value>4c930517f6ff6da9bf7b988c29391d271907dc4b193a64b9a7deba84de0e9cda</cyboxCommon:Simple_Hash_Value>
                            </cyboxCommon:Hash>
                            <cyboxCommon:Hash>
                                <cyboxCommon:Type xsi:type="cyboxVocabs:HashNameVocab-1.0">Other</cyboxCommon:Type>
                                <cyboxCommon:Simple_Hash_Value>4eaabf8871bb17a3f10111e686824acb</cyboxCommon:Simple_Hash_Value>
                            </cyboxCommon:Hash>
                            <cyboxCommon:Hash>
                                <cyboxCommon:Type xsi:type="cyboxVocabs:HashNameVocab-1.0">SSDEEP</cyboxCommon:Type>
                                <cyboxCommon:Simple_Hash_Value>768:6yXHtTdoYkP+5sJj099cmEKSKpOXlCyGT/8Y:bXRd6kYzKpOXlCyGT/8</cyboxCommon:Simple_Hash_Value>
                            </cyboxCommon:Hash>
                        </FileObj:Hashes>
                        <WinExecutableFileObj:Exports>
                            <WinExecutableFileObj:Exported_Functions/>
                        </WinExecutableFileObj:Exports>
                        <WinExecutableFileObj:Imports>
                            <WinExecutableFileObj:Import>
                                <WinExecutableFileObj:Imported_Functions>
                                    <WinExecutableFileObj:Imported_Function>
                                        <WinExecutableFileObj:Function_Name>WriteFile</WinExecutableFileObj:Function_Name>
                                    </WinExecutableFileObj:Imported_Function>
                                    <WinExecutableFileObj:Imported_Function>
                                        <WinExecutableFileObj:Function_Name>WinExec</WinExecutableFileObj:Function_Name>
                                    </WinExecutableFileObj:Imported_Function>
                                    <WinExecutableFileObj:Imported_Function>
                                        <WinExecutableFileObj:Function_Name>OpenProcess</WinExecutableFileObj:Function_Name>
                                    </WinExecutableFileObj:Imported_Function>
                                    <WinExecutableFileObj:Imported_Function>
                                        <WinExecutableFileObj:Function_Name>InternetReadFile</WinExecutableFileObj:Function_Name>
                                    </WinExecutableFileObj:Imported_Function>
                                </WinExecutableFileObj:Imported_Functions>
                            </WinExecutableFileObj:Import>
                        </WinExecutableFileObj:Imports>
                        <WinExecutableFileObj:Resources>
                            <WinExecutableFileObj:VersionInfoResource>
                                <WinExecutableFileObj:Comments/>
                                <WinExecutableFileObj:CompanyName/>
                                <WinExecutableFileObj:FileDescription/>
                                <WinExecutableFileObj:FileVersion/>
                                <WinExecutableFileObj:InternalName/>
                                <WinExecutableFileObj:LangID/>
                                <WinExecutableFileObj:LegalCopyright/>
                                <WinExecutableFileObj:OriginalFilename/>
                                <WinExecutableFileObj:PrivateBuild/>
                                <WinExecutableFileObj:ProductName/>
                                <WinExecutableFileObj:ProductVersion/>
                                <WinExecutableFileObj:SpecialBuild/>
                            </WinExecutableFileObj:VersionInfoResource>
                        </WinExecutableFileObj:Resources>
                        <WinExecutableFileObj:Sections>
                            <WinExecutableFileObj:Section>
                                <WinExecutableFileObj:Section_Header>
                                    <WinExecutableFileObj:Name>.rdata</WinExecutableFileObj:Name>
                                    <WinExecutableFileObj:Size_Of_Raw_Data>0e00</WinExecutableFileObj:Size_Of_Raw_Data>
                                </WinExecutableFileObj:Section_Header>
                                <WinExecutableFileObj:Entropy>
                                    <WinExecutableFileObj:Value>4.80176329242</WinExecutableFileObj:Value>
                                </WinExecutableFileObj:Entropy>
                            </WinExecutableFileObj:Section>
                            <WinExecutableFileObj:Section>
                                <WinExecutableFileObj:Section_Header>
                                    <WinExecutableFileObj:Name>.data</WinExecutableFileObj:Name>
                                    <WinExecutableFileObj:Size_Of_Raw_Data>1200</WinExecutableFileObj:Size_Of_Raw_Data>
                                </WinExecutableFileObj:Section_Header>
                                <WinExecutableFileObj:Entropy>
                                    <WinExecutableFileObj:Value>4.89740971253</WinExecutableFileObj:Value>
                                </WinExecutableFileObj:Entropy>
                            </WinExecutableFileObj:Section>
                        </WinExecutableFileObj:Sections>
                    </cybox:Properties>
                </cybox:Object>
            </indicator:Observable>
        </stix:Indicator>
        <stix:Indicator id="example:guid-9f6ccc3c-a7e5-11e3-8087-000c29b241af" xmlns:indicator='http://stix.mitre.org/Indicator-2' xsi:type='indicator:IndicatorType' negate="false">
            <indicator:Observable id="example:Observable-20bfb018-48a2-4f59-9aab-7d8b7227cc83">
                <cybox:Object id="example:File-57dd6581-384d-46cf-afb0-97955b86cb62">
                    <cybox:Properties xsi:type="FileObj:FileObjectType">
                        <FileObj:File_Name>autoexec.bat</FileObj:File_Name>
                        <FileObj:Size_In_Bytes>0</FileObj:Size_In_Bytes>
                        <FileObj:Hashes>
                            <cyboxCommon:Hash>
                                <cyboxCommon:Type xsi:type="cyboxVocabs:HashNameVocab-1.0">MD5</cyboxCommon:Type>
                                <cyboxCommon:Simple_Hash_Value>d41d8cd98f00b204e9800998ecf8427e</cyboxCommon:Simple_Hash_Value>
                            </cyboxCommon:Hash>
                            <cyboxCommon:Hash>
                                <cyboxCommon:Type xsi:type="cyboxVocabs:HashNameVocab-1.0">SHA1</cyboxCommon:Type>
                                <cyboxCommon:Simple_Hash_Value>da39a3ee5e6b4b0d3255bfef95601890afd80709</cyboxCommon:Simple_Hash_Value>
                            </cyboxCommon:Hash>
                            <cyboxCommon:Hash>
                                <cyboxCommon:Type xsi:type="cyboxVocabs:HashNameVocab-1.0">SHA256</cyboxCommon:Type>
                                <cyboxCommon:Simple_Hash_Value>e3b0c44298fc1c149afbf4c8996fb92427ae41e4649b934ca495991b7852b855</cyboxCommon:Simple_Hash_Value>
                            </cyboxCommon:Hash>
                        </FileObj:Hashes>
                    </cybox:Properties>
                </cybox:Object>
            </indicator:Observable>
        </stix:Indicator>
        <stix:Indicator id="example:guid-9f6cd3f8-a7e5-11e3-8087-000c29b241af" xmlns:indicator='http://stix.mitre.org/Indicator-2' xsi:type='indicator:IndicatorType' negate="false">
            <indicator:Observable id="example:Observable-8388b1c4-015e-4b52-b94d-ce81d5e23fd5">
                <cybox:Object id="example:Process-e848def5-78c1-47c6-87f5-ece6b96fedb2">
                    <cybox:Properties xsi:type="ProcessObj:ProcessObjectType">
                        <ProcessObj:PID>1700</ProcessObj:PID>
                        <ProcessObj:Name>VirusShare_55886d571c2a57984ea9659b57e1c63a</ProcessObj:Name>
                        <ProcessObj:Parent_PID>1616</ProcessObj:Parent_PID>
                    </cybox:Properties>
                </cybox:Object>
            </indicator:Observable>
        </stix:Indicator>
        <stix:Indicator id="example:guid-9f6cd97a-a7e5-11e3-8087-000c29b241af" xmlns:indicator='http://stix.mitre.org/Indicator-2' xsi:type='indicator:IndicatorType' negate="false">
            <indicator:Observable id="example:Observable-34ec1378-68da-4ae6-9dc3-5f5317f63351">
                <cybox:Observable_Composition operator="AND">
                    <cybox:Observable id="example:Observable-a6e829be-a003-41c3-a90f-e57f6d051fd9">
                        <cybox:Object id="example:WinRegistryKey-bc747dea-a7f6-4efc-a609-9bda113b1eb6">
                            <cybox:Properties xsi:type="WinRegistryKeyObj:WindowsRegistryKeyObjectType">
                                <WinRegistryKeyObj:Key>HKEY_LOCAL_MACHINE\System\CurrentControlSet\Services\Tcpip\Parameters</WinRegistryKeyObj:Key>
                            </cybox:Properties>
                        </cybox:Object>
                    </cybox:Observable>
                    <cybox:Observable id="example:Observable-a290edf6-ffc7-45d6-9788-24476ba30918">
                        <cybox:Object id="example:WinRegistryKey-38a3ab20-bf1a-41ea-8ea4-7e857a152c02">
                            <cybox:Properties xsi:type="WinRegistryKeyObj:WindowsRegistryKeyObjectType">
                                <WinRegistryKeyObj:Key>HKEY_CURRENT_USER\Software\Microsoft\Windows\CurrentVersion\Explorer\User Shell Folders</WinRegistryKeyObj:Key>
                            </cybox:Properties>
                        </cybox:Object>
                    </cybox:Observable>
                    <cybox:Observable id="example:Observable-449d7be0-955d-4c1a-ad30-8739304b0224">
                        <cybox:Object id="example:WinRegistryKey-d367c99e-3194-4885-ba27-3a15468cc7ae">
                            <cybox:Properties xsi:type="WinRegistryKeyObj:WindowsRegistryKeyObjectType">
                                <WinRegistryKeyObj:Key>HKEY_CURRENT_USER\Software\Microsoft\Windows\CurrentVersion\Explorer\Shell Folders</WinRegistryKeyObj:Key>
                            </cybox:Properties>
                        </cybox:Object>
                    </cybox:Observable>
                    <cybox:Observable id="example:Observable-b3c31cd2-da48-4bb1-ae58-33c07f213242">
                        <cybox:Object id="example:WinRegistryKey-5358e204-e3ed-43cd-b138-3d5dab27d39f">
                            <cybox:Properties xsi:type="WinRegistryKeyObj:WindowsRegistryKeyObjectType">
                                <WinRegistryKeyObj:Key>HKEY_LOCAL_MACHINE\Software\Microsoft\Tracing</WinRegistryKeyObj:Key>
                            </cybox:Properties>
                        </cybox:Object>
                    </cybox:Observable>
                    <cybox:Observable id="example:Observable-d0980aeb-dbe0-4464-976d-6bdee0b6d1df">
                        <cybox:Object id="example:WinRegistryKey-ef8e575b-f72c-42df-9d5e-5d62b34d79ae">
                            <cybox:Properties xsi:type="WinRegistryKeyObj:WindowsRegistryKeyObjectType">
                                <WinRegistryKeyObj:Key>HKEY_LOCAL_MACHINE\Software\Microsoft\Windows\CurrentVersion\Explorer\User Shell Folders</WinRegistryKeyObj:Key>
                            </cybox:Properties>
                        </cybox:Object>
                    </cybox:Observable>
                    <cybox:Observable id="example:Observable-befd262f-61e8-45d0-ba0a-ea3efd2a88d4">
                        <cybox:Object id="example:WinRegistryKey-16ec092e-8833-4cdf-8c44-a433798fc5ca">
                            <cybox:Properties xsi:type="WinRegistryKeyObj:WindowsRegistryKeyObjectType">
                                <WinRegistryKeyObj:Key>Software\Microsoft\Windows NT\CurrentVersion\Winlogon</WinRegistryKeyObj:Key>
                            </cybox:Properties>
                        </cybox:Object>
                    </cybox:Observable>
                    <cybox:Observable id="example:Observable-46c117e3-8ca2-43ee-9593-99ba812ce9bf">
                        <cybox:Object id="example:WinRegistryKey-bc48b5f5-f5fd-44e9-b081-d26efe507c43">
                            <cybox:Properties xsi:type="WinRegistryKeyObj:WindowsRegistryKeyObjectType">
                                <WinRegistryKeyObj:Key>HKEY_LOCAL_MACHINE\Software\Microsoft\Windows\CurrentVersion\Explorer\Shell Folders</WinRegistryKeyObj:Key>
                            </cybox:Properties>
                        </cybox:Object>
                    </cybox:Observable>
                    <cybox:Observable id="example:Observable-76cec3eb-40eb-41be-b32c-91ade62508d4">
                        <cybox:Object id="example:WinRegistryKey-a294a651-3e6f-42ec-85e1-7827ece50d0b">
                            <cybox:Properties xsi:type="WinRegistryKeyObj:WindowsRegistryKeyObjectType">
                                <WinRegistryKeyObj:Key>Software\Microsoft\Windows\CurrentVersion\Explorer\User Shell Folders</WinRegistryKeyObj:Key>
                            </cybox:Properties>
                        </cybox:Object>
                    </cybox:Observable>
                    <cybox:Observable id="example:Observable-75327d38-ae25-4e32-8ca3-df10430950bb">
                        <cybox:Object id="example:WinRegistryKey-38987b8b-4007-4e8d-a677-858782a710e2">
                            <cybox:Properties xsi:type="WinRegistryKeyObj:WindowsRegistryKeyObjectType">
                                <WinRegistryKeyObj:Key>Software\Microsoft\Windows\CurrentVersion\Explorer\Shell Folders</WinRegistryKeyObj:Key>
                            </cybox:Properties>
                        </cybox:Object>
                    </cybox:Observable>
                    <cybox:Observable id="example:Observable-af245370-4909-4b72-a42e-f75ab3b447de">
                        <cybox:Object id="example:WinRegistryKey-ed800e09-db69-493e-b568-2f9b4612163c">
                            <cybox:Properties xsi:type="WinRegistryKeyObj:WindowsRegistryKeyObjectType">
                                <WinRegistryKeyObj:Key>Software\Microsoft\windows\CurrentVersion\Internet Settings</WinRegistryKeyObj:Key>
                            </cybox:Properties>
                        </cybox:Object>
                    </cybox:Observable>
                    <cybox:Observable id="example:Observable-ce25ed03-4c0b-47f0-8fab-774ac8f2d6fe">
                        <cybox:Object id="example:WinRegistryKey-e5a5ed57-b6a0-4125-9086-ab518c6e7277">
                            <cybox:Properties xsi:type="WinRegistryKeyObj:WindowsRegistryKeyObjectType">
                                <WinRegistryKeyObj:Key>Software\Microsoft\windows\CurrentVersion\Internet Settings\Connections</WinRegistryKeyObj:Key>
                            </cybox:Properties>
                        </cybox:Object>
                    </cybox:Observable>
                </cybox:Observable_Composition>
            </indicator:Observable>
        </stix:Indicator>
    </stix:Indicators>
</stix:STIX_Package>
