<stix:STIX_Package 
	xmlns:cyboxCommon="http://cybox.mitre.org/common-2"
	xmlns:cybox="http://cybox.mitre.org/cybox-2"
	xmlns:cyboxVocabs="http://cybox.mitre.org/default_vocabularies-2"
	xmlns:AccountObj="http://cybox.mitre.org/objects#AccountObject-2"
	xmlns:AddressObj="http://cybox.mitre.org/objects#AddressObject-2"
	xmlns:DNSQueryObj="http://cybox.mitre.org/objects#DNSQueryObject-2"
	xmlns:DNSRecordObj="http://cybox.mitre.org/objects#DNSRecordObject-2"
	xmlns:FileObj="http://cybox.mitre.org/objects#FileObject-2"
	xmlns:HTTPSessionObj="http://cybox.mitre.org/objects#HTTPSessionObject-2"
	xmlns:NetworkConnectionObj="http://cybox.mitre.org/objects#NetworkConnectionObject-2"
	xmlns:PortObj="http://cybox.mitre.org/objects#PortObject-2"
	xmlns:ProcessObj="http://cybox.mitre.org/objects#ProcessObject-2"
	xmlns:SocketAddressObj="http://cybox.mitre.org/objects#SocketAddressObject-1"
	xmlns:URIObj="http://cybox.mitre.org/objects#URIObject-2"
	xmlns:WinComputerAccountObj="http://cybox.mitre.org/objects#WinComputerAccountObject-2"
	xmlns:WinExecutableFileObj="http://cybox.mitre.org/objects#WinExecutableFileObject-2"
	xmlns:WinFileObj="http://cybox.mitre.org/objects#WinFileObject-2"
	xmlns:WinHandleObj="http://cybox.mitre.org/objects#WinHandleObject-2"
	xmlns:WinRegistryKeyObj="http://cybox.mitre.org/objects#WinRegistryKeyObject-2"
	xmlns:example="http://example.com"
	xmlns:indicator="http://stix.mitre.org/Indicator-2"
	xmlns:stixCommon="http://stix.mitre.org/common-1"
	xmlns:stixVocabs="http://stix.mitre.org/default_vocabularies-1"
	xmlns:stix="http://stix.mitre.org/stix-1"
	xmlns:xsi="http://www.w3.org/2001/XMLSchema-instance"
	xsi:schemaLocation="
	http://cybox.mitre.org/common-2 http://cybox.mitre.org/XMLSchema/common/2.0.1/cybox_common.xsd
	http://cybox.mitre.org/cybox-2 http://cybox.mitre.org/XMLSchema/core/2.0.1/cybox_core.xsd
	http://cybox.mitre.org/default_vocabularies-2 http://cybox.mitre.org/XMLSchema/default_vocabularies/2.0.1/cybox_default_vocabularies.xsd
	http://cybox.mitre.org/objects#AccountObject-2 http://cybox.mitre.org/XMLSchema/objects/Account/2.0.1/Account_Object.xsd
	http://cybox.mitre.org/objects#AddressObject-2 http://cybox.mitre.org/XMLSchema/objects/Address/2.0.1/Address_Object.xsd
	http://cybox.mitre.org/objects#DNSQueryObject-2 http://cybox.mitre.org/XMLSchema/objects/DNS_Query/2.0.1/DNS_Query_Object.xsd
	http://cybox.mitre.org/objects#DNSRecordObject-2 http://cybox.mitre.org/XMLSchema/objects/DNS_Record/2.0.1/DNS_Record_Object.xsd
	http://cybox.mitre.org/objects#FileObject-2 http://cybox.mitre.org/XMLSchema/objects/File/2.0.1/File_Object.xsd
	http://cybox.mitre.org/objects#HTTPSessionObject-2 http://cybox.mitre.org/XMLSchema/objects/HTTP_Session/2.0.1/HTTP_Session_Object.xsd
	http://cybox.mitre.org/objects#NetworkConnectionObject-2 http://cybox.mitre.org/XMLSchema/objects/Network_Connection/2.0.1/Network_Connection_Object.xsd
	http://cybox.mitre.org/objects#PortObject-2 http://cybox.mitre.org/XMLSchema/objects/Port/2.0.1/Port_Object.xsd
	http://cybox.mitre.org/objects#ProcessObject-2 http://cybox.mitre.org/XMLSchema/objects/Process/2.0.1/Process_Object.xsd
	http://cybox.mitre.org/objects#SocketAddressObject-1 http://cybox.mitre.org/XMLSchema/objects/Socket_Address/2.0.1/Socket_Address_Object.xsd
	http://cybox.mitre.org/objects#URIObject-2 http://cybox.mitre.org/XMLSchema/objects/URI/2.0.1/URI_Object.xsd
	http://cybox.mitre.org/objects#WinComputerAccountObject-2 http://cybox.mitre.org/XMLSchema/objects/Win_Computer_Account/2.0.1/Win_Computer_Account_Object.xsd
	http://cybox.mitre.org/objects#WinExecutableFileObject-2 http://cybox.mitre.org/XMLSchema/objects/Win_Executable_File/2.0.1/Win_Executable_File_Object.xsd
	http://cybox.mitre.org/objects#WinFileObject-2 http://cybox.mitre.org/XMLSchema/objects/Win_File/2.0.1/Win_File_Object.xsd
	http://cybox.mitre.org/objects#WinHandleObject-2 http://cybox.mitre.org/XMLSchema/objects/Win_Handle/2.0.1/Win_Handle_Object.xsd
	http://cybox.mitre.org/objects#WinRegistryKeyObject-2 http://cybox.mitre.org/XMLSchema/objects/Win_Registry_Key/2.0.1/Win_Registry_Key_Object.xsd
	http://stix.mitre.org/Indicator-2 http://stix.mitre.org/XMLSchema/indicator/2.0.1/indicator.xsd
	http://stix.mitre.org/common-1 http://stix.mitre.org/XMLSchema/common/1.0.1/stix_common.xsd
	http://stix.mitre.org/stix-1 http://stix.mitre.org/XMLSchema/core/1.0.1/stix_core.xsd" id="example:guid-3dc22c24-a7e6-11e3-b7b7-000c29b241af" version="1.0.1">
    <stix:STIX_Header>
        <stix:Description>IOCAware Auto-Generated STIX IOC Document for VirusShare_56de2854ef64d869b5df7af5e4effe3e</stix:Description>
        <stix:Information_Source>
            <stixCommon:Time>
                <cyboxCommon:Produced_Time>2014-03-09T19:55:07.170056</cyboxCommon:Produced_Time>
            </stixCommon:Time>
        </stix:Information_Source>
    </stix:STIX_Header>
    <stix:Indicators>
        <stix:Indicator id="example:guid-3dc2349e-a7e6-11e3-b7b7-000c29b241af" xmlns:indicator='http://stix.mitre.org/Indicator-2' xsi:type='indicator:IndicatorType' negate="false">
            <indicator:Observable id="example:Observable-a06edc1f-175b-4dc6-b8d3-44dd8b2ccc04">
                <cybox:Object id="example:WinExecutableFile-f20a464b-85d8-45d0-ac8b-55bbaf8e289f">
                    <cybox:Properties xsi:type="WinExecutableFileObj:WindowsExecutableFileObjectType">
                        <FileObj:File_Name>VirusShare_56de2854ef64d869b5df7af5e4effe3e</FileObj:File_Name>
                        <FileObj:Size_In_Bytes>20314</FileObj:Size_In_Bytes>
                        <FileObj:File_Format>PE32 executable (GUI) Intel 80386, for MS Windows</FileObj:File_Format>
                        <FileObj:Hashes>
                            <cyboxCommon:Hash>
                                <cyboxCommon:Type xsi:type="cyboxVocabs:HashNameVocab-1.0">MD5</cyboxCommon:Type>
                                <cyboxCommon:Simple_Hash_Value>56de2854ef64d869b5df7af5e4effe3e</cyboxCommon:Simple_Hash_Value>
                            </cyboxCommon:Hash>
                            <cyboxCommon:Hash>
                                <cyboxCommon:Type xsi:type="cyboxVocabs:HashNameVocab-1.0">SHA1</cyboxCommon:Type>
                                <cyboxCommon:Simple_Hash_Value>87a6829225426da664514055d663ea0b329e5fd2</cyboxCommon:Simple_Hash_Value>
                            </cyboxCommon:Hash>
                            <cyboxCommon:Hash>
                                <cyboxCommon:Type xsi:type="cyboxVocabs:HashNameVocab-1.0">SHA256</cyboxCommon:Type>
                                <cyboxCommon:Simple_Hash_Value>1cc1a6f131617e0a15380e327e96d903ba4512dca45b63b9a456751495ede76c</cyboxCommon:Simple_Hash_Value>
                            </cyboxCommon:Hash>
                            <cyboxCommon:Hash>
                                <cyboxCommon:Type xsi:type="cyboxVocabs:HashNameVocab-1.0">Other</cyboxCommon:Type>
                                <cyboxCommon:Simple_Hash_Value>6bc15619c617bd6b6a6e54c4c694530d</cyboxCommon:Simple_Hash_Value>
                            </cyboxCommon:Hash>
                            <cyboxCommon:Hash>
                                <cyboxCommon:Type xsi:type="cyboxVocabs:HashNameVocab-1.0">SSDEEP</cyboxCommon:Type>
                                <cyboxCommon:Simple_Hash_Value>384:BSJrigwhQ8hWVCMtKkJfgcgil9hYNoo5vWIUEcSsCHO78Y1j9Jo:BPgwc3PYmo99UE4V4Cj3o</cyboxCommon:Simple_Hash_Value>
                            </cyboxCommon:Hash>
                        </FileObj:Hashes>
                        <WinExecutableFileObj:Exports>
                            <WinExecutableFileObj:Exported_Functions/>
                        </WinExecutableFileObj:Exports>
                        <WinExecutableFileObj:Imports>
                            <WinExecutableFileObj:Import>
                                <WinExecutableFileObj:Imported_Functions>
                                    <WinExecutableFileObj:Imported_Function>
                                        <WinExecutableFileObj:Function_Name>OpenProcess</WinExecutableFileObj:Function_Name>
                                    </WinExecutableFileObj:Imported_Function>
                                    <WinExecutableFileObj:Imported_Function>
                                        <WinExecutableFileObj:Function_Name>CreateRemoteThread</WinExecutableFileObj:Function_Name>
                                    </WinExecutableFileObj:Imported_Function>
                                    <WinExecutableFileObj:Imported_Function>
                                        <WinExecutableFileObj:Function_Name>WriteProcessMemory</WinExecutableFileObj:Function_Name>
                                    </WinExecutableFileObj:Imported_Function>
                                    <WinExecutableFileObj:Imported_Function>
                                        <WinExecutableFileObj:Function_Name>VirtualAllocEx</WinExecutableFileObj:Function_Name>
                                    </WinExecutableFileObj:Imported_Function>
                                    <WinExecutableFileObj:Imported_Function>
                                        <WinExecutableFileObj:Function_Name>GetProcAddress</WinExecutableFileObj:Function_Name>
                                    </WinExecutableFileObj:Imported_Function>
                                </WinExecutableFileObj:Imported_Functions>
                            </WinExecutableFileObj:Import>
                        </WinExecutableFileObj:Imports>
                        <WinExecutableFileObj:Resources>
                            <WinExecutableFileObj:VersionInfoResource>
                                <WinExecutableFileObj:Comments/>
                                <WinExecutableFileObj:CompanyName/>
                                <WinExecutableFileObj:FileDescription/>
                                <WinExecutableFileObj:FileVersion/>
                                <WinExecutableFileObj:InternalName/>
                                <WinExecutableFileObj:LangID/>
                                <WinExecutableFileObj:LegalCopyright/>
                                <WinExecutableFileObj:OriginalFilename/>
                                <WinExecutableFileObj:PrivateBuild/>
                                <WinExecutableFileObj:ProductName/>
                                <WinExecutableFileObj:ProductVersion/>
                                <WinExecutableFileObj:SpecialBuild/>
                            </WinExecutableFileObj:VersionInfoResource>
                        </WinExecutableFileObj:Resources>
                        <WinExecutableFileObj:Sections>
                            <WinExecutableFileObj:Section>
                                <WinExecutableFileObj:Section_Header>
                                    <WinExecutableFileObj:Name>.rdata</WinExecutableFileObj:Name>
                                    <WinExecutableFileObj:Size_Of_Raw_Data>0c00</WinExecutableFileObj:Size_Of_Raw_Data>
                                </WinExecutableFileObj:Section_Header>
                                <WinExecutableFileObj:Entropy>
                                    <WinExecutableFileObj:Value>5.32110367776</WinExecutableFileObj:Value>
                                </WinExecutableFileObj:Entropy>
                            </WinExecutableFileObj:Section>
                            <WinExecutableFileObj:Section>
                                <WinExecutableFileObj:Section_Header>
                                    <WinExecutableFileObj:Name>.data</WinExecutableFileObj:Name>
                                    <WinExecutableFileObj:Size_Of_Raw_Data>0200</WinExecutableFileObj:Size_Of_Raw_Data>
                                </WinExecutableFileObj:Section_Header>
                                <WinExecutableFileObj:Entropy>
                                    <WinExecutableFileObj:Value>2.6793833273</WinExecutableFileObj:Value>
                                </WinExecutableFileObj:Entropy>
                            </WinExecutableFileObj:Section>
                        </WinExecutableFileObj:Sections>
                    </cybox:Properties>
                </cybox:Object>
            </indicator:Observable>
        </stix:Indicator>
        <stix:Indicator id="example:guid-3dc2632e-a7e6-11e3-b7b7-000c29b241af" xmlns:indicator='http://stix.mitre.org/Indicator-2' xsi:type='indicator:IndicatorType' negate="false">
            <indicator:Observable id="example:Observable-59d482b0-00d4-4da5-83dd-1022e99ad458">
                <cybox:Observable_Composition operator="AND">
                    <cybox:Observable id="example:Observable-ebd06dbc-e264-48fa-b70d-b8dba93105e5">
                        <cybox:Object id="example:File-e7ebaf48-200d-448c-8431-90458f3044d9">
                            <cybox:Properties xsi:type="FileObj:FileObjectType">
                                <FileObj:File_Name>autoexec.bat</FileObj:File_Name>
                                <FileObj:Size_In_Bytes>0</FileObj:Size_In_Bytes>
                                <FileObj:Hashes>
                                    <cyboxCommon:Hash>
                                        <cyboxCommon:Type xsi:type="cyboxVocabs:HashNameVocab-1.0">MD5</cyboxCommon:Type>
                                        <cyboxCommon:Simple_Hash_Value>d41d8cd98f00b204e9800998ecf8427e</cyboxCommon:Simple_Hash_Value>
                                    </cyboxCommon:Hash>
                                    <cyboxCommon:Hash>
                                        <cyboxCommon:Type xsi:type="cyboxVocabs:HashNameVocab-1.0">SHA1</cyboxCommon:Type>
                                        <cyboxCommon:Simple_Hash_Value>da39a3ee5e6b4b0d3255bfef95601890afd80709</cyboxCommon:Simple_Hash_Value>
                                    </cyboxCommon:Hash>
                                    <cyboxCommon:Hash>
                                        <cyboxCommon:Type xsi:type="cyboxVocabs:HashNameVocab-1.0">SHA256</cyboxCommon:Type>
                                        <cyboxCommon:Simple_Hash_Value>e3b0c44298fc1c149afbf4c8996fb92427ae41e4649b934ca495991b7852b855</cyboxCommon:Simple_Hash_Value>
                                    </cyboxCommon:Hash>
                                </FileObj:Hashes>
                            </cybox:Properties>
                        </cybox:Object>
                    </cybox:Observable>
                    <cybox:Observable id="example:Observable-ff90724e-b9c7-49e8-9112-f27ce8eba0c1">
                        <cybox:Object id="example:File-3c232486-4c64-4dd1-a2e9-b2f5fb41e65f">
                            <cybox:Properties xsi:type="FileObj:FileObjectType">
                                <FileObj:File_Name>VirusShare_56de2854ef64d869b5df7af5e4effe3e</FileObj:File_Name>
                                <FileObj:Size_In_Bytes>20314</FileObj:Size_In_Bytes>
                                <FileObj:Hashes>
                                    <cyboxCommon:Hash>
                                        <cyboxCommon:Type xsi:type="cyboxVocabs:HashNameVocab-1.0">MD5</cyboxCommon:Type>
                                        <cyboxCommon:Simple_Hash_Value>56de2854ef64d869b5df7af5e4effe3e</cyboxCommon:Simple_Hash_Value>
                                    </cyboxCommon:Hash>
                                    <cyboxCommon:Hash>
                                        <cyboxCommon:Type xsi:type="cyboxVocabs:HashNameVocab-1.0">SHA1</cyboxCommon:Type>
                                        <cyboxCommon:Simple_Hash_Value>87a6829225426da664514055d663ea0b329e5fd2</cyboxCommon:Simple_Hash_Value>
                                    </cyboxCommon:Hash>
                                    <cyboxCommon:Hash>
                                        <cyboxCommon:Type xsi:type="cyboxVocabs:HashNameVocab-1.0">SHA256</cyboxCommon:Type>
                                        <cyboxCommon:Simple_Hash_Value>1cc1a6f131617e0a15380e327e96d903ba4512dca45b63b9a456751495ede76c</cyboxCommon:Simple_Hash_Value>
                                    </cyboxCommon:Hash>
                                </FileObj:Hashes>
                            </cybox:Properties>
                        </cybox:Object>
                    </cybox:Observable>
                </cybox:Observable_Composition>
            </indicator:Observable>
        </stix:Indicator>
        <stix:Indicator id="example:guid-3dc32656-a7e6-11e3-b7b7-000c29b241af" xmlns:indicator='http://stix.mitre.org/Indicator-2' xsi:type='indicator:IndicatorType' negate="false">
            <indicator:Observable id="example:Observable-46b7c281-5722-4b8b-9e5e-296921523528">
                <cybox:Observable_Composition operator="AND">
                    <cybox:Observable id="example:Observable-bf5857ab-7f4f-41bb-9467-1df79a69b815">
                        <cybox:Object id="example:Process-4b8b414d-1462-4aa3-83e7-1601b21191d4">
                            <cybox:Properties xsi:type="ProcessObj:ProcessObjectType">
                                <ProcessObj:PID>1700</ProcessObj:PID>
                                <ProcessObj:Name>VirusShare_56de2854ef64d869b5df7af5e4effe3e</ProcessObj:Name>
                                <ProcessObj:Parent_PID>900</ProcessObj:Parent_PID>
                            </cybox:Properties>
                        </cybox:Object>
                    </cybox:Observable>
                    <cybox:Observable id="example:Observable-549a67e9-e763-4af9-b1cd-26760d8e7888">
                        <cybox:Object id="example:Process-952caa43-7780-42c7-a811-6419f579d30a">
                            <cybox:Properties xsi:type="ProcessObj:ProcessObjectType">
                                <ProcessObj:PID>1724</ProcessObj:PID>
                                <ProcessObj:Name>AcroRD32.exe</ProcessObj:Name>
                                <ProcessObj:Parent_PID>1700</ProcessObj:Parent_PID>
                            </cybox:Properties>
                        </cybox:Object>
                    </cybox:Observable>
                    <cybox:Observable id="example:Observable-079cc74d-5a0a-4e92-b48a-a920dc6e3929">
                        <cybox:Object id="example:Process-8b616662-235c-4a4e-b3ee-6369ae9ddfdd">
                            <cybox:Properties xsi:type="ProcessObj:ProcessObjectType">
                                <ProcessObj:PID>1708</ProcessObj:PID>
                                <ProcessObj:Name>cmd.exe</ProcessObj:Name>
                                <ProcessObj:Parent_PID>1700</ProcessObj:Parent_PID>
                            </cybox:Properties>
                        </cybox:Object>
                    </cybox:Observable>
                </cybox:Observable_Composition>
            </indicator:Observable>
        </stix:Indicator>
        <stix:Indicator id="example:guid-3dc37516-a7e6-11e3-b7b7-000c29b241af" xmlns:indicator='http://stix.mitre.org/Indicator-2' xsi:type='indicator:IndicatorType' negate="false">
            <indicator:Observable id="example:Observable-396f5a8b-9fc8-4505-aeb9-8272562bda9a">
                <cybox:Observable_Composition operator="AND">
                    <cybox:Observable id="example:Observable-26a02671-53d9-4748-91d7-5fb0e7b110b7">
                        <cybox:Object id="example:WinRegistryKey-0e1ed3c1-b5f8-4d95-be2b-c58716aa5e5f">
                            <cybox:Properties xsi:type="WinRegistryKeyObj:WindowsRegistryKeyObjectType">
                                <WinRegistryKeyObj:Key>HKEY_CURRENT_USER\Software\Microsoft\Windows\CurrentVersion\Explorer\User Shell Folders</WinRegistryKeyObj:Key>
                            </cybox:Properties>
                        </cybox:Object>
                    </cybox:Observable>
                    <cybox:Observable id="example:Observable-8618a20a-683f-4b2c-8c2d-ed201c6903ee">
                        <cybox:Object id="example:WinRegistryKey-4a91c9c5-654f-4268-a6f2-905a66eab7d8">
                            <cybox:Properties xsi:type="WinRegistryKeyObj:WindowsRegistryKeyObjectType">
                                <WinRegistryKeyObj:Key>HKEY_CURRENT_USER\Software\Microsoft\Windows\CurrentVersion\Explorer\Shell Folders</WinRegistryKeyObj:Key>
                            </cybox:Properties>
                        </cybox:Object>
                    </cybox:Observable>
                    <cybox:Observable id="example:Observable-10def686-37b1-4247-b938-ef8a9af28e2e">
                        <cybox:Object id="example:WinRegistryKey-f4309543-a668-4023-8e94-743da18e5056">
                            <cybox:Properties xsi:type="WinRegistryKeyObj:WindowsRegistryKeyObjectType">
                                <WinRegistryKeyObj:Key>HKEY_LOCAL_MACHINE\Software\Microsoft\Tracing</WinRegistryKeyObj:Key>
                            </cybox:Properties>
                        </cybox:Object>
                    </cybox:Observable>
                    <cybox:Observable id="example:Observable-c7499a5f-3d23-4355-94bb-0929a435d22b">
                        <cybox:Object id="example:WinRegistryKey-8e00c21a-75c2-4945-815b-d1950506738f">
                            <cybox:Properties xsi:type="WinRegistryKeyObj:WindowsRegistryKeyObjectType">
                                <WinRegistryKeyObj:Key>HKEY_LOCAL_MACHINE\Software\Microsoft\Windows\CurrentVersion\Explorer\User Shell Folders</WinRegistryKeyObj:Key>
                            </cybox:Properties>
                        </cybox:Object>
                    </cybox:Observable>
                    <cybox:Observable id="example:Observable-afdc674b-f79a-46c8-beb0-6e460758a589">
                        <cybox:Object id="example:WinRegistryKey-88eb7bb2-b703-451c-93e8-21827b0a2c3e">
                            <cybox:Properties xsi:type="WinRegistryKeyObj:WindowsRegistryKeyObjectType">
                                <WinRegistryKeyObj:Key>Software\Microsoft\Windows NT\CurrentVersion\Winlogon</WinRegistryKeyObj:Key>
                            </cybox:Properties>
                        </cybox:Object>
                    </cybox:Observable>
                    <cybox:Observable id="example:Observable-c8113632-c057-4e28-b2af-51619469ed1c">
                        <cybox:Object id="example:WinRegistryKey-eb35d97e-02da-45ad-bc8d-8bd12de20b16">
                            <cybox:Properties xsi:type="WinRegistryKeyObj:WindowsRegistryKeyObjectType">
                                <WinRegistryKeyObj:Key>HKEY_LOCAL_MACHINE\Software\Microsoft\Windows\CurrentVersion\Explorer\Shell Folders</WinRegistryKeyObj:Key>
                            </cybox:Properties>
                        </cybox:Object>
                    </cybox:Observable>
                    <cybox:Observable id="example:Observable-bc229799-cba3-402b-bf85-64544d7b689f">
                        <cybox:Object id="example:WinRegistryKey-cb255c19-f85d-4d5c-8222-119f227122f0">
                            <cybox:Properties xsi:type="WinRegistryKeyObj:WindowsRegistryKeyObjectType">
                                <WinRegistryKeyObj:Key>Software\Microsoft\Windows\CurrentVersion\Explorer\User Shell Folders</WinRegistryKeyObj:Key>
                            </cybox:Properties>
                        </cybox:Object>
                    </cybox:Observable>
                    <cybox:Observable id="example:Observable-eb29ee3a-fa4f-4a60-af1b-c8d2b91095a0">
                        <cybox:Object id="example:WinRegistryKey-3cb2c8ea-86a9-452a-a5d6-820213fef4d2">
                            <cybox:Properties xsi:type="WinRegistryKeyObj:WindowsRegistryKeyObjectType">
                                <WinRegistryKeyObj:Key>Software\Microsoft\Windows\CurrentVersion\Explorer\Shell Folders</WinRegistryKeyObj:Key>
                            </cybox:Properties>
                        </cybox:Object>
                    </cybox:Observable>
                    <cybox:Observable id="example:Observable-fb8060c7-199d-4bd6-84ad-f2e137f366e7">
                        <cybox:Object id="example:WinRegistryKey-4bed4509-79c4-4cb6-965e-2734d879561e">
                            <cybox:Properties xsi:type="WinRegistryKeyObj:WindowsRegistryKeyObjectType">
                                <WinRegistryKeyObj:Key>Software\Microsoft\windows\CurrentVersion\Internet Settings</WinRegistryKeyObj:Key>
                            </cybox:Properties>
                        </cybox:Object>
                    </cybox:Observable>
                    <cybox:Observable id="example:Observable-9890aed9-0910-446b-bbc6-bb6db5f84d8c">
                        <cybox:Object id="example:WinRegistryKey-5f1814f1-aeab-4020-a3e7-b7aa2dde4a73">
                            <cybox:Properties xsi:type="WinRegistryKeyObj:WindowsRegistryKeyObjectType">
                                <WinRegistryKeyObj:Key>Software\Microsoft\windows\CurrentVersion\Internet Settings\Connections</WinRegistryKeyObj:Key>
                            </cybox:Properties>
                        </cybox:Object>
                    </cybox:Observable>
                    <cybox:Observable id="example:Observable-b8a532d4-3481-403a-ab36-eb27106a2620">
                        <cybox:Object id="example:WinRegistryKey-3c16dddd-5087-4eef-971e-308781c62ab3">
                            <cybox:Properties xsi:type="WinRegistryKeyObj:WindowsRegistryKeyObjectType">
                                <WinRegistryKeyObj:Key>HKEY_CURRENT_CONFIG\Software\Microsoft\windows\CurrentVersion\Internet Settings</WinRegistryKeyObj:Key>
                            </cybox:Properties>
                        </cybox:Object>
                    </cybox:Observable>
                </cybox:Observable_Composition>
            </indicator:Observable>
        </stix:Indicator>
    </stix:Indicators>
</stix:STIX_Package>
