<stix:STIX_Package 
	xmlns:cyboxCommon="http://cybox.mitre.org/common-2"
	xmlns:cybox="http://cybox.mitre.org/cybox-2"
	xmlns:cyboxVocabs="http://cybox.mitre.org/default_vocabularies-2"
	xmlns:AccountObj="http://cybox.mitre.org/objects#AccountObject-2"
	xmlns:AddressObj="http://cybox.mitre.org/objects#AddressObject-2"
	xmlns:DNSQueryObj="http://cybox.mitre.org/objects#DNSQueryObject-2"
	xmlns:DNSRecordObj="http://cybox.mitre.org/objects#DNSRecordObject-2"
	xmlns:FileObj="http://cybox.mitre.org/objects#FileObject-2"
	xmlns:HTTPSessionObj="http://cybox.mitre.org/objects#HTTPSessionObject-2"
	xmlns:NetworkConnectionObj="http://cybox.mitre.org/objects#NetworkConnectionObject-2"
	xmlns:PortObj="http://cybox.mitre.org/objects#PortObject-2"
	xmlns:ProcessObj="http://cybox.mitre.org/objects#ProcessObject-2"
	xmlns:SocketAddressObj="http://cybox.mitre.org/objects#SocketAddressObject-1"
	xmlns:URIObj="http://cybox.mitre.org/objects#URIObject-2"
	xmlns:WinComputerAccountObj="http://cybox.mitre.org/objects#WinComputerAccountObject-2"
	xmlns:WinExecutableFileObj="http://cybox.mitre.org/objects#WinExecutableFileObject-2"
	xmlns:WinFileObj="http://cybox.mitre.org/objects#WinFileObject-2"
	xmlns:WinHandleObj="http://cybox.mitre.org/objects#WinHandleObject-2"
	xmlns:WinRegistryKeyObj="http://cybox.mitre.org/objects#WinRegistryKeyObject-2"
	xmlns:example="http://example.com"
	xmlns:indicator="http://stix.mitre.org/Indicator-2"
	xmlns:stixCommon="http://stix.mitre.org/common-1"
	xmlns:stixVocabs="http://stix.mitre.org/default_vocabularies-1"
	xmlns:stix="http://stix.mitre.org/stix-1"
	xmlns:xsi="http://www.w3.org/2001/XMLSchema-instance"
	xsi:schemaLocation="
	http://cybox.mitre.org/common-2 http://cybox.mitre.org/XMLSchema/common/2.0.1/cybox_common.xsd
	http://cybox.mitre.org/cybox-2 http://cybox.mitre.org/XMLSchema/core/2.0.1/cybox_core.xsd
	http://cybox.mitre.org/default_vocabularies-2 http://cybox.mitre.org/XMLSchema/default_vocabularies/2.0.1/cybox_default_vocabularies.xsd
	http://cybox.mitre.org/objects#AccountObject-2 http://cybox.mitre.org/XMLSchema/objects/Account/2.0.1/Account_Object.xsd
	http://cybox.mitre.org/objects#AddressObject-2 http://cybox.mitre.org/XMLSchema/objects/Address/2.0.1/Address_Object.xsd
	http://cybox.mitre.org/objects#DNSQueryObject-2 http://cybox.mitre.org/XMLSchema/objects/DNS_Query/2.0.1/DNS_Query_Object.xsd
	http://cybox.mitre.org/objects#DNSRecordObject-2 http://cybox.mitre.org/XMLSchema/objects/DNS_Record/2.0.1/DNS_Record_Object.xsd
	http://cybox.mitre.org/objects#FileObject-2 http://cybox.mitre.org/XMLSchema/objects/File/2.0.1/File_Object.xsd
	http://cybox.mitre.org/objects#HTTPSessionObject-2 http://cybox.mitre.org/XMLSchema/objects/HTTP_Session/2.0.1/HTTP_Session_Object.xsd
	http://cybox.mitre.org/objects#NetworkConnectionObject-2 http://cybox.mitre.org/XMLSchema/objects/Network_Connection/2.0.1/Network_Connection_Object.xsd
	http://cybox.mitre.org/objects#PortObject-2 http://cybox.mitre.org/XMLSchema/objects/Port/2.0.1/Port_Object.xsd
	http://cybox.mitre.org/objects#ProcessObject-2 http://cybox.mitre.org/XMLSchema/objects/Process/2.0.1/Process_Object.xsd
	http://cybox.mitre.org/objects#SocketAddressObject-1 http://cybox.mitre.org/XMLSchema/objects/Socket_Address/2.0.1/Socket_Address_Object.xsd
	http://cybox.mitre.org/objects#URIObject-2 http://cybox.mitre.org/XMLSchema/objects/URI/2.0.1/URI_Object.xsd
	http://cybox.mitre.org/objects#WinComputerAccountObject-2 http://cybox.mitre.org/XMLSchema/objects/Win_Computer_Account/2.0.1/Win_Computer_Account_Object.xsd
	http://cybox.mitre.org/objects#WinExecutableFileObject-2 http://cybox.mitre.org/XMLSchema/objects/Win_Executable_File/2.0.1/Win_Executable_File_Object.xsd
	http://cybox.mitre.org/objects#WinFileObject-2 http://cybox.mitre.org/XMLSchema/objects/Win_File/2.0.1/Win_File_Object.xsd
	http://cybox.mitre.org/objects#WinHandleObject-2 http://cybox.mitre.org/XMLSchema/objects/Win_Handle/2.0.1/Win_Handle_Object.xsd
	http://cybox.mitre.org/objects#WinRegistryKeyObject-2 http://cybox.mitre.org/XMLSchema/objects/Win_Registry_Key/2.0.1/Win_Registry_Key_Object.xsd
	http://stix.mitre.org/Indicator-2 http://stix.mitre.org/XMLSchema/indicator/2.0.1/indicator.xsd
	http://stix.mitre.org/common-1 http://stix.mitre.org/XMLSchema/common/1.0.1/stix_common.xsd
	http://stix.mitre.org/stix-1 http://stix.mitre.org/XMLSchema/core/1.0.1/stix_core.xsd" id="example:guid-d0bae812-a80f-11e3-b0ed-000c29b241af" version="1.0.1">
    <stix:STIX_Header>
        <stix:Description>IOCAware Auto-Generated STIX IOC Document for VirusShare_ea1b44094ae4d8e2b63a1771a3e61fd5</stix:Description>
        <stix:Information_Source>
            <stixCommon:Time>
                <cyboxCommon:Produced_Time>2014-03-10T00:52:43.113416</cyboxCommon:Produced_Time>
            </stixCommon:Time>
        </stix:Information_Source>
    </stix:STIX_Header>
    <stix:Indicators>
        <stix:Indicator id="example:guid-d0baef9c-a80f-11e3-b0ed-000c29b241af" xmlns:indicator='http://stix.mitre.org/Indicator-2' xsi:type='indicator:IndicatorType' negate="false">
            <indicator:Observable id="example:Observable-10835a58-622d-4c12-b2a0-e0bb58b7da78">
                <cybox:Object id="example:WinExecutableFile-040d09ed-68d0-47b7-8f05-c826d7166b53">
                    <cybox:Properties xsi:type="WinExecutableFileObj:WindowsExecutableFileObjectType">
                        <FileObj:File_Name>VirusShare_ea1b44094ae4d8e2b63a1771a3e61fd5</FileObj:File_Name>
                        <FileObj:Size_In_Bytes>548372</FileObj:Size_In_Bytes>
                        <FileObj:File_Format>PE32 executable (GUI) Intel 80386, for MS Windows</FileObj:File_Format>
                        <FileObj:Hashes>
                            <cyboxCommon:Hash>
                                <cyboxCommon:Type xsi:type="cyboxVocabs:HashNameVocab-1.0">MD5</cyboxCommon:Type>
                                <cyboxCommon:Simple_Hash_Value>ea1b44094ae4d8e2b63a1771a3e61fd5</cyboxCommon:Simple_Hash_Value>
                            </cyboxCommon:Hash>
                            <cyboxCommon:Hash>
                                <cyboxCommon:Type xsi:type="cyboxVocabs:HashNameVocab-1.0">SHA1</cyboxCommon:Type>
                                <cyboxCommon:Simple_Hash_Value>14062ce204f7066864094c355def6ae50dc91f37</cyboxCommon:Simple_Hash_Value>
                            </cyboxCommon:Hash>
                            <cyboxCommon:Hash>
                                <cyboxCommon:Type xsi:type="cyboxVocabs:HashNameVocab-1.0">SHA256</cyboxCommon:Type>
                                <cyboxCommon:Simple_Hash_Value>c23f1d9c00300528aabfddc5d3afb6b7deee1aa07b5eccd0806153bae848aa69</cyboxCommon:Simple_Hash_Value>
                            </cyboxCommon:Hash>
                            <cyboxCommon:Hash>
                                <cyboxCommon:Type xsi:type="cyboxVocabs:HashNameVocab-1.0">Other</cyboxCommon:Type>
                                <cyboxCommon:Simple_Hash_Value>d5e82c95deba983e9f4db075adf3971c</cyboxCommon:Simple_Hash_Value>
                            </cyboxCommon:Hash>
                            <cyboxCommon:Hash>
                                <cyboxCommon:Type xsi:type="cyboxVocabs:HashNameVocab-1.0">SSDEEP</cyboxCommon:Type>
                                <cyboxCommon:Simple_Hash_Value>12288:n3nZMhJ+ubN41KHjllr9OEmM2NTLrLgC/70u:n3nZqfbKYBOEMLgC4u</cyboxCommon:Simple_Hash_Value>
                            </cyboxCommon:Hash>
                        </FileObj:Hashes>
                        <WinExecutableFileObj:Exports>
                            <WinExecutableFileObj:Exported_Functions/>
                        </WinExecutableFileObj:Exports>
                        <WinExecutableFileObj:Imports>
                            <WinExecutableFileObj:Import>
                                <WinExecutableFileObj:Imported_Functions>
                                    <WinExecutableFileObj:Imported_Function>
                                        <WinExecutableFileObj:Function_Name>GetProcAddress</WinExecutableFileObj:Function_Name>
                                    </WinExecutableFileObj:Imported_Function>
                                    <WinExecutableFileObj:Imported_Function>
                                        <WinExecutableFileObj:Function_Name>WriteFile</WinExecutableFileObj:Function_Name>
                                    </WinExecutableFileObj:Imported_Function>
                                    <WinExecutableFileObj:Imported_Function>
                                        <WinExecutableFileObj:Function_Name>OleInitialize</WinExecutableFileObj:Function_Name>
                                    </WinExecutableFileObj:Imported_Function>
                                    <WinExecutableFileObj:Imported_Function>
                                        <WinExecutableFileObj:Function_Name>CoCreateInstance</WinExecutableFileObj:Function_Name>
                                    </WinExecutableFileObj:Imported_Function>
                                </WinExecutableFileObj:Imported_Functions>
                            </WinExecutableFileObj:Import>
                        </WinExecutableFileObj:Imports>
                        <WinExecutableFileObj:Resources>
                            <WinExecutableFileObj:VersionInfoResource>
                                <WinExecutableFileObj:Comments/>
                                <WinExecutableFileObj:CompanyName/>
                                <WinExecutableFileObj:FileDescription/>
                                <WinExecutableFileObj:FileVersion/>
                                <WinExecutableFileObj:InternalName/>
                                <WinExecutableFileObj:LangID/>
                                <WinExecutableFileObj:LegalCopyright/>
                                <WinExecutableFileObj:OriginalFilename/>
                                <WinExecutableFileObj:PrivateBuild/>
                                <WinExecutableFileObj:ProductName/>
                                <WinExecutableFileObj:ProductVersion/>
                                <WinExecutableFileObj:SpecialBuild/>
                            </WinExecutableFileObj:VersionInfoResource>
                        </WinExecutableFileObj:Resources>
                        <WinExecutableFileObj:Sections>
                            <WinExecutableFileObj:Section>
                                <WinExecutableFileObj:Section_Header>
                                    <WinExecutableFileObj:Name>.rdata</WinExecutableFileObj:Name>
                                    <WinExecutableFileObj:Size_Of_Raw_Data>1e00</WinExecutableFileObj:Size_Of_Raw_Data>
                                </WinExecutableFileObj:Section_Header>
                                <WinExecutableFileObj:Entropy>
                                    <WinExecutableFileObj:Value>4.87732859897</WinExecutableFileObj:Value>
                                </WinExecutableFileObj:Entropy>
                            </WinExecutableFileObj:Section>
                            <WinExecutableFileObj:Section>
                                <WinExecutableFileObj:Section_Header>
                                    <WinExecutableFileObj:Name>.data</WinExecutableFileObj:Name>
                                    <WinExecutableFileObj:Size_Of_Raw_Data>0200</WinExecutableFileObj:Size_Of_Raw_Data>
                                </WinExecutableFileObj:Section_Header>
                                <WinExecutableFileObj:Entropy>
                                    <WinExecutableFileObj:Value>3.55292594367</WinExecutableFileObj:Value>
                                </WinExecutableFileObj:Entropy>
                            </WinExecutableFileObj:Section>
                            <WinExecutableFileObj:Section>
                                <WinExecutableFileObj:Section_Header>
                                    <WinExecutableFileObj:Name>.CRT</WinExecutableFileObj:Name>
                                    <WinExecutableFileObj:Size_Of_Raw_Data>0200</WinExecutableFileObj:Size_Of_Raw_Data>
                                </WinExecutableFileObj:Section_Header>
                                <WinExecutableFileObj:Entropy>
                                    <WinExecutableFileObj:Value>0.219439394857</WinExecutableFileObj:Value>
                                </WinExecutableFileObj:Entropy>
                            </WinExecutableFileObj:Section>
                            <WinExecutableFileObj:Section>
                                <WinExecutableFileObj:Section_Header>
                                    <WinExecutableFileObj:Name>.rsrc</WinExecutableFileObj:Name>
                                    <WinExecutableFileObj:Size_Of_Raw_Data>04b400</WinExecutableFileObj:Size_Of_Raw_Data>
                                </WinExecutableFileObj:Section_Header>
                                <WinExecutableFileObj:Entropy>
                                    <WinExecutableFileObj:Value>4.43249016623</WinExecutableFileObj:Value>
                                </WinExecutableFileObj:Entropy>
                            </WinExecutableFileObj:Section>
                        </WinExecutableFileObj:Sections>
                    </cybox:Properties>
                </cybox:Object>
            </indicator:Observable>
        </stix:Indicator>
        <stix:Indicator id="example:guid-d0bb1fbc-a80f-11e3-b0ed-000c29b241af" xmlns:indicator='http://stix.mitre.org/Indicator-2' xsi:type='indicator:IndicatorType' negate="false">
            <indicator:Observable id="example:Observable-9fd3fe5d-3910-4662-9dce-2653a79809a7">
                <cybox:Observable_Composition operator="AND">
                    <cybox:Observable id="example:Observable-c1422cda-a5a2-4783-8d66-2b4ba56bd1ff">
                        <cybox:Object id="example:File-a85508b9-698a-48af-b16c-af85f695c1ea">
                            <cybox:Properties xsi:type="FileObj:FileObjectType">
                                <FileObj:File_Name>iTunesHelper.exe</FileObj:File_Name>
                                <FileObj:Size_In_Bytes>56320</FileObj:Size_In_Bytes>
                                <FileObj:Hashes>
                                    <cyboxCommon:Hash>
                                        <cyboxCommon:Type xsi:type="cyboxVocabs:HashNameVocab-1.0">MD5</cyboxCommon:Type>
                                        <cyboxCommon:Simple_Hash_Value>81b03cbcfc4b9d090cd8f5e5da816895</cyboxCommon:Simple_Hash_Value>
                                    </cyboxCommon:Hash>
                                    <cyboxCommon:Hash>
                                        <cyboxCommon:Type xsi:type="cyboxVocabs:HashNameVocab-1.0">SHA1</cyboxCommon:Type>
                                        <cyboxCommon:Simple_Hash_Value>6dd0f801c6148f02a14b048427e022b8fb9b7b1e</cyboxCommon:Simple_Hash_Value>
                                    </cyboxCommon:Hash>
                                    <cyboxCommon:Hash>
                                        <cyboxCommon:Type xsi:type="cyboxVocabs:HashNameVocab-1.0">SHA256</cyboxCommon:Type>
                                        <cyboxCommon:Simple_Hash_Value>b041090be33111041e2adac815c6dd0f8196097205120eff4fe2a3c53bf95ad3</cyboxCommon:Simple_Hash_Value>
                                    </cyboxCommon:Hash>
                                </FileObj:Hashes>
                            </cybox:Properties>
                        </cybox:Object>
                    </cybox:Observable>
                    <cybox:Observable id="example:Observable-77be9032-6bd5-4bf8-8e6e-b53577279b2f">
                        <cybox:Object id="example:File-8d416a38-d06e-4f5f-9a10-f07399ef02b9">
                            <cybox:Properties xsi:type="FileObj:FileObjectType">
                                <FileObj:File_Name>autoexec.bat</FileObj:File_Name>
                                <FileObj:Size_In_Bytes>0</FileObj:Size_In_Bytes>
                                <FileObj:Hashes>
                                    <cyboxCommon:Hash>
                                        <cyboxCommon:Type xsi:type="cyboxVocabs:HashNameVocab-1.0">MD5</cyboxCommon:Type>
                                        <cyboxCommon:Simple_Hash_Value>d41d8cd98f00b204e9800998ecf8427e</cyboxCommon:Simple_Hash_Value>
                                    </cyboxCommon:Hash>
                                    <cyboxCommon:Hash>
                                        <cyboxCommon:Type xsi:type="cyboxVocabs:HashNameVocab-1.0">SHA1</cyboxCommon:Type>
                                        <cyboxCommon:Simple_Hash_Value>da39a3ee5e6b4b0d3255bfef95601890afd80709</cyboxCommon:Simple_Hash_Value>
                                    </cyboxCommon:Hash>
                                    <cyboxCommon:Hash>
                                        <cyboxCommon:Type xsi:type="cyboxVocabs:HashNameVocab-1.0">SHA256</cyboxCommon:Type>
                                        <cyboxCommon:Simple_Hash_Value>e3b0c44298fc1c149afbf4c8996fb92427ae41e4649b934ca495991b7852b855</cyboxCommon:Simple_Hash_Value>
                                    </cyboxCommon:Hash>
                                </FileObj:Hashes>
                            </cybox:Properties>
                        </cybox:Object>
                    </cybox:Observable>
                    <cybox:Observable id="example:Observable-7959f50a-e0a2-4a5b-8886-31b940a075d1">
                        <cybox:Object id="example:File-196badb7-a482-4df2-b6e6-1f4b8bc160f5">
                            <cybox:Properties xsi:type="FileObj:FileObjectType">
                                <FileObj:File_Name>Material Type Ore 20160605.pdf</FileObj:File_Name>
                                <FileObj:Size_In_Bytes>144674</FileObj:Size_In_Bytes>
                                <FileObj:Hashes>
                                    <cyboxCommon:Hash>
                                        <cyboxCommon:Type xsi:type="cyboxVocabs:HashNameVocab-1.0">MD5</cyboxCommon:Type>
                                        <cyboxCommon:Simple_Hash_Value>f5c2d0eb1aebcae3eae7f9cbc31932de</cyboxCommon:Simple_Hash_Value>
                                    </cyboxCommon:Hash>
                                    <cyboxCommon:Hash>
                                        <cyboxCommon:Type xsi:type="cyboxVocabs:HashNameVocab-1.0">SHA1</cyboxCommon:Type>
                                        <cyboxCommon:Simple_Hash_Value>c513cffc7ad5ade90f41344083994a7b1c720c7f</cyboxCommon:Simple_Hash_Value>
                                    </cyboxCommon:Hash>
                                    <cyboxCommon:Hash>
                                        <cyboxCommon:Type xsi:type="cyboxVocabs:HashNameVocab-1.0">SHA256</cyboxCommon:Type>
                                        <cyboxCommon:Simple_Hash_Value>415f2c3c6f5dcab0220985e0f5694d97d818795ff66afcb23cd5e59f28ecc675</cyboxCommon:Simple_Hash_Value>
                                    </cyboxCommon:Hash>
                                </FileObj:Hashes>
                            </cybox:Properties>
                        </cybox:Object>
                    </cybox:Observable>
                </cybox:Observable_Composition>
            </indicator:Observable>
        </stix:Indicator>
        <stix:Indicator id="example:guid-d0bb331c-a80f-11e3-b0ed-000c29b241af" xmlns:indicator='http://stix.mitre.org/Indicator-2' xsi:type='indicator:IndicatorType' negate="false">
            <indicator:Observable id="example:Observable-4b3a2a93-f22d-4a08-9db8-d59f7149d6c7">
                <cybox:Observable_Composition operator="AND">
                    <cybox:Observable id="example:Observable-2e0cc93a-85c4-44c7-832b-af4abe5ce6a7">
                        <cybox:Object id="example:Process-1962f264-93f7-4d13-a7b0-26fcdc66b8a0">
                            <cybox:Properties xsi:type="ProcessObj:ProcessObjectType">
                                <ProcessObj:PID>1700</ProcessObj:PID>
                                <ProcessObj:Name>VirusShare_ea1b44094ae4d8e2b63a1771a3e61fd5</ProcessObj:Name>
                                <ProcessObj:Parent_PID>900</ProcessObj:Parent_PID>
                            </cybox:Properties>
                        </cybox:Object>
                    </cybox:Observable>
                    <cybox:Observable id="example:Observable-02e9d779-a1b7-40a9-99d3-5f37a27af230">
                        <cybox:Object id="example:Process-b4289d1e-e795-41e2-8413-36431408e093">
                            <cybox:Properties xsi:type="ProcessObj:ProcessObjectType">
                                <ProcessObj:PID>1740</ProcessObj:PID>
                                <ProcessObj:Name>iTunesHelper.exe</ProcessObj:Name>
                                <ProcessObj:Parent_PID>1700</ProcessObj:Parent_PID>
                            </cybox:Properties>
                        </cybox:Object>
                    </cybox:Observable>
                    <cybox:Observable id="example:Observable-327ed5b7-d41c-41a8-87fb-c3cc92902621">
                        <cybox:Object id="example:Process-e6ce6c42-ec4d-45d5-81fd-6e78926c90da">
                            <cybox:Properties xsi:type="ProcessObj:ProcessObjectType">
                                <ProcessObj:PID>1768</ProcessObj:PID>
                                <ProcessObj:Name>AcroRd32.exe</ProcessObj:Name>
                                <ProcessObj:Parent_PID>1700</ProcessObj:Parent_PID>
                            </cybox:Properties>
                        </cybox:Object>
                    </cybox:Observable>
                </cybox:Observable_Composition>
            </indicator:Observable>
        </stix:Indicator>
        <stix:Indicator id="example:guid-d0bb408c-a80f-11e3-b0ed-000c29b241af" xmlns:indicator='http://stix.mitre.org/Indicator-2' xsi:type='indicator:IndicatorType' negate="false">
            <indicator:Observable id="example:Observable-16689d49-b172-47b7-b05d-849bd26a1a13">
                <cybox:Observable_Composition operator="AND">
                    <cybox:Observable id="example:Observable-5206f0c6-fd2c-4845-9ece-b8dfcc23639f">
                        <cybox:Object id="example:WinRegistryKey-46ed401a-43ff-45d6-b39a-0f53d03de8b4">
                            <cybox:Properties xsi:type="WinRegistryKeyObj:WindowsRegistryKeyObjectType">
                                <WinRegistryKeyObj:Key>HKEY_CURRENT_USER\Software\WinRAR SFX</WinRegistryKeyObj:Key>
                            </cybox:Properties>
                        </cybox:Object>
                    </cybox:Observable>
                    <cybox:Observable id="example:Observable-37e16d68-af56-481c-a6ec-2fb7114bf2cf">
                        <cybox:Object id="example:WinRegistryKey-340a49cc-fa9e-4243-8838-28680f6fec43">
                            <cybox:Properties xsi:type="WinRegistryKeyObj:WindowsRegistryKeyObjectType">
                                <WinRegistryKeyObj:Key>HKEY_LOCAL_MACHINE\Software\Microsoft\Tracing</WinRegistryKeyObj:Key>
                            </cybox:Properties>
                        </cybox:Object>
                    </cybox:Observable>
                    <cybox:Observable id="example:Observable-904226c1-9af3-4579-8997-7f26300cfe5c">
                        <cybox:Object id="example:WinRegistryKey-0885b7da-b07f-4971-8509-91d04686773c">
                            <cybox:Properties xsi:type="WinRegistryKeyObj:WindowsRegistryKeyObjectType">
                                <WinRegistryKeyObj:Key>HKEY_LOCAL_MACHINE\Software\Microsoft\Windows\CurrentVersion\Explorer\User Shell Folders</WinRegistryKeyObj:Key>
                            </cybox:Properties>
                        </cybox:Object>
                    </cybox:Observable>
                    <cybox:Observable id="example:Observable-6f816374-f801-4110-817d-45504fdc57fa">
                        <cybox:Object id="example:WinRegistryKey-1803cfee-e57e-4451-98f8-78341b9b62c9">
                            <cybox:Properties xsi:type="WinRegistryKeyObj:WindowsRegistryKeyObjectType">
                                <WinRegistryKeyObj:Key>Software\Microsoft\Windows NT\CurrentVersion\Winlogon</WinRegistryKeyObj:Key>
                            </cybox:Properties>
                        </cybox:Object>
                    </cybox:Observable>
                    <cybox:Observable id="example:Observable-1bb889cf-b9c9-4d77-a24c-0618d01f849b">
                        <cybox:Object id="example:WinRegistryKey-8616de02-6d94-41df-8dc5-7ce98214f57e">
                            <cybox:Properties xsi:type="WinRegistryKeyObj:WindowsRegistryKeyObjectType">
                                <WinRegistryKeyObj:Key>HKEY_LOCAL_MACHINE\Software\Microsoft\Windows\CurrentVersion\Explorer\Shell Folders</WinRegistryKeyObj:Key>
                            </cybox:Properties>
                        </cybox:Object>
                    </cybox:Observable>
                    <cybox:Observable id="example:Observable-75af4fea-c9ff-4e82-a819-b34e1c3a2d16">
                        <cybox:Object id="example:WinRegistryKey-4da61af1-f74e-4683-b78e-05f1eff4bdb0">
                            <cybox:Properties xsi:type="WinRegistryKeyObj:WindowsRegistryKeyObjectType">
                                <WinRegistryKeyObj:Key>Software\Microsoft\Windows\CurrentVersion\Explorer\User Shell Folders</WinRegistryKeyObj:Key>
                            </cybox:Properties>
                        </cybox:Object>
                    </cybox:Observable>
                    <cybox:Observable id="example:Observable-5884bb41-f3d5-4f50-a87f-b28a1239a85a">
                        <cybox:Object id="example:WinRegistryKey-b9564c53-913e-4692-bdd6-6ea62e1c6151">
                            <cybox:Properties xsi:type="WinRegistryKeyObj:WindowsRegistryKeyObjectType">
                                <WinRegistryKeyObj:Key>Software\Microsoft\Windows\CurrentVersion\Explorer\Shell Folders</WinRegistryKeyObj:Key>
                            </cybox:Properties>
                        </cybox:Object>
                    </cybox:Observable>
                    <cybox:Observable id="example:Observable-ae8b4d76-2070-4b32-953d-82ca588c3ce6">
                        <cybox:Object id="example:WinRegistryKey-dda3b47f-c845-408c-833c-10cb59d0faab">
                            <cybox:Properties xsi:type="WinRegistryKeyObj:WindowsRegistryKeyObjectType">
                                <WinRegistryKeyObj:Key>Software\Microsoft\windows\CurrentVersion\Internet Settings</WinRegistryKeyObj:Key>
                            </cybox:Properties>
                        </cybox:Object>
                    </cybox:Observable>
                    <cybox:Observable id="example:Observable-7553239f-f51a-4467-b872-f9bd9d7d1c62">
                        <cybox:Object id="example:WinRegistryKey-e76679ec-2ca4-49ca-b838-a8a559f84268">
                            <cybox:Properties xsi:type="WinRegistryKeyObj:WindowsRegistryKeyObjectType">
                                <WinRegistryKeyObj:Key>Software\Microsoft\windows\CurrentVersion\Internet Settings\Connections</WinRegistryKeyObj:Key>
                            </cybox:Properties>
                        </cybox:Object>
                    </cybox:Observable>
                    <cybox:Observable id="example:Observable-0ce41874-d633-4731-89f2-b2799514f4bf">
                        <cybox:Object id="example:WinRegistryKey-cde5a104-6012-49f3-bf32-ef92eb79a9d8">
                            <cybox:Properties xsi:type="WinRegistryKeyObj:WindowsRegistryKeyObjectType">
                                <WinRegistryKeyObj:Key>HKEY_CURRENT_CONFIG\Software\Microsoft\windows\CurrentVersion\Internet Settings</WinRegistryKeyObj:Key>
                            </cybox:Properties>
                        </cybox:Object>
                    </cybox:Observable>
                </cybox:Observable_Composition>
            </indicator:Observable>
        </stix:Indicator>
        <stix:Indicator id="example:guid-d0bb5d74-a80f-11e3-b0ed-000c29b241af" xmlns:indicator='http://stix.mitre.org/Indicator-2' xsi:type='indicator:IndicatorType' negate="false"/>
    </stix:Indicators>
</stix:STIX_Package>
